-- phpMyAdmin SQL Dump
-- version 3.4.10.2
-- http://www.phpmyadmin.net
--
-- Хост: localhost
-- Время создания: Июл 17 2023 г., 01:19
-- Версия сервера: 5.0.67
-- Версия PHP: 5.3.10

SET SQL_MODE="NO_AUTO_VALUE_ON_ZERO";
SET time_zone = "+00:00";


/*!40101 SET @OLD_CHARACTER_SET_CLIENT=@@CHARACTER_SET_CLIENT */;
/*!40101 SET @OLD_CHARACTER_SET_RESULTS=@@CHARACTER_SET_RESULTS */;
/*!40101 SET @OLD_COLLATION_CONNECTION=@@COLLATION_CONNECTION */;
/*!40101 SET NAMES utf8 */;

--
-- База данных: `information_schema`
--

-- --------------------------------------------------------

--
-- Структура таблицы `CHARACTER_SETS`
--

CREATE TEMPORARY TABLE `CHARACTER_SETS` (
  `CHARACTER_SET_NAME` varchar(64) NOT NULL default '',
  `DEFAULT_COLLATE_NAME` varchar(64) NOT NULL default '',
  `DESCRIPTION` varchar(60) NOT NULL default '',
  `MAXLEN` bigint(3) NOT NULL default '0'
) ENGINE=MEMORY DEFAULT CHARSET=utf8;

--
-- Дамп данных таблицы `CHARACTER_SETS`
--

INSERT INTO `CHARACTER_SETS` (`CHARACTER_SET_NAME`, `DEFAULT_COLLATE_NAME`, `DESCRIPTION`, `MAXLEN`) VALUES
('big5', 'big5_chinese_ci', 'Big5 Traditional Chinese', 2),
('dec8', 'dec8_swedish_ci', 'DEC West European', 1),
('cp850', 'cp850_general_ci', 'DOS West European', 1),
('hp8', 'hp8_english_ci', 'HP West European', 1),
('koi8r', 'koi8r_general_ci', 'KOI8-R Relcom Russian', 1),
('latin1', 'latin1_swedish_ci', 'cp1252 West European', 1),
('latin2', 'latin2_general_ci', 'ISO 8859-2 Central European', 1),
('swe7', 'swe7_swedish_ci', '7bit Swedish', 1),
('ascii', 'ascii_general_ci', 'US ASCII', 1),
('ujis', 'ujis_japanese_ci', 'EUC-JP Japanese', 3),
('sjis', 'sjis_japanese_ci', 'Shift-JIS Japanese', 2),
('hebrew', 'hebrew_general_ci', 'ISO 8859-8 Hebrew', 1),
('tis620', 'tis620_thai_ci', 'TIS620 Thai', 1),
('euckr', 'euckr_korean_ci', 'EUC-KR Korean', 2),
('koi8u', 'koi8u_general_ci', 'KOI8-U Ukrainian', 1),
('gb2312', 'gb2312_chinese_ci', 'GB2312 Simplified Chinese', 2),
('greek', 'greek_general_ci', 'ISO 8859-7 Greek', 1),
('cp1250', 'cp1250_general_ci', 'Windows Central European', 1),
('gbk', 'gbk_chinese_ci', 'GBK Simplified Chinese', 2),
('latin5', 'latin5_turkish_ci', 'ISO 8859-9 Turkish', 1),
('armscii8', 'armscii8_general_ci', 'ARMSCII-8 Armenian', 1),
('utf8', 'utf8_general_ci', 'UTF-8 Unicode', 3),
('ucs2', 'ucs2_general_ci', 'UCS-2 Unicode', 2),
('cp866', 'cp866_general_ci', 'DOS Russian', 1),
('keybcs2', 'keybcs2_general_ci', 'DOS Kamenicky Czech-Slovak', 1),
('macce', 'macce_general_ci', 'Mac Central European', 1),
('macroman', 'macroman_general_ci', 'Mac West European', 1),
('cp852', 'cp852_general_ci', 'DOS Central European', 1),
('latin7', 'latin7_general_ci', 'ISO 8859-13 Baltic', 1),
('cp1251', 'cp1251_general_ci', 'Windows Cyrillic', 1),
('cp1256', 'cp1256_general_ci', 'Windows Arabic', 1),
('cp1257', 'cp1257_general_ci', 'Windows Baltic', 1),
('binary', 'binary', 'Binary pseudo charset', 1),
('geostd8', 'geostd8_general_ci', 'GEOSTD8 Georgian', 1),
('cp932', 'cp932_japanese_ci', 'SJIS for Windows Japanese', 2),
('eucjpms', 'eucjpms_japanese_ci', 'UJIS for Windows Japanese', 3);

-- --------------------------------------------------------

--
-- Структура таблицы `COLLATIONS`
--

CREATE TEMPORARY TABLE `COLLATIONS` (
  `COLLATION_NAME` varchar(64) NOT NULL default '',
  `CHARACTER_SET_NAME` varchar(64) NOT NULL default '',
  `ID` bigint(11) NOT NULL default '0',
  `IS_DEFAULT` varchar(3) NOT NULL default '',
  `IS_COMPILED` varchar(3) NOT NULL default '',
  `SORTLEN` bigint(3) NOT NULL default '0'
) ENGINE=MEMORY DEFAULT CHARSET=utf8;

--
-- Дамп данных таблицы `COLLATIONS`
--

INSERT INTO `COLLATIONS` (`COLLATION_NAME`, `CHARACTER_SET_NAME`, `ID`, `IS_DEFAULT`, `IS_COMPILED`, `SORTLEN`) VALUES
('big5_chinese_ci', 'big5', 1, 'Yes', 'Yes', 1),
('big5_bin', 'big5', 84, '', 'Yes', 1),
('dec8_swedish_ci', 'dec8', 3, 'Yes', '', 0),
('dec8_bin', 'dec8', 69, '', '', 0),
('cp850_general_ci', 'cp850', 4, 'Yes', '', 0),
('cp850_bin', 'cp850', 80, '', '', 0),
('hp8_english_ci', 'hp8', 6, 'Yes', '', 0),
('hp8_bin', 'hp8', 72, '', '', 0),
('koi8r_general_ci', 'koi8r', 7, 'Yes', '', 0),
('koi8r_bin', 'koi8r', 74, '', '', 0),
('latin1_german1_ci', 'latin1', 5, '', 'Yes', 1),
('latin1_swedish_ci', 'latin1', 8, 'Yes', 'Yes', 1),
('latin1_danish_ci', 'latin1', 15, '', 'Yes', 1),
('latin1_german2_ci', 'latin1', 31, '', 'Yes', 2),
('latin1_bin', 'latin1', 47, '', 'Yes', 1),
('latin1_general_ci', 'latin1', 48, '', 'Yes', 1),
('latin1_general_cs', 'latin1', 49, '', 'Yes', 1),
('latin1_spanish_ci', 'latin1', 94, '', 'Yes', 1),
('latin2_czech_cs', 'latin2', 2, '', 'Yes', 4),
('latin2_general_ci', 'latin2', 9, 'Yes', 'Yes', 1),
('latin2_hungarian_ci', 'latin2', 21, '', 'Yes', 1),
('latin2_croatian_ci', 'latin2', 27, '', 'Yes', 1),
('latin2_bin', 'latin2', 77, '', 'Yes', 1),
('swe7_swedish_ci', 'swe7', 10, 'Yes', '', 0),
('swe7_bin', 'swe7', 82, '', '', 0),
('ascii_general_ci', 'ascii', 11, 'Yes', '', 0),
('ascii_bin', 'ascii', 65, '', '', 0),
('ujis_japanese_ci', 'ujis', 12, 'Yes', 'Yes', 1),
('ujis_bin', 'ujis', 91, '', 'Yes', 1),
('sjis_japanese_ci', 'sjis', 13, 'Yes', 'Yes', 1),
('sjis_bin', 'sjis', 88, '', 'Yes', 1),
('hebrew_general_ci', 'hebrew', 16, 'Yes', '', 0),
('hebrew_bin', 'hebrew', 71, '', '', 0),
('tis620_thai_ci', 'tis620', 18, 'Yes', 'Yes', 4),
('tis620_bin', 'tis620', 89, '', 'Yes', 1),
('euckr_korean_ci', 'euckr', 19, 'Yes', 'Yes', 1),
('euckr_bin', 'euckr', 85, '', 'Yes', 1),
('koi8u_general_ci', 'koi8u', 22, 'Yes', '', 0),
('koi8u_bin', 'koi8u', 75, '', '', 0),
('gb2312_chinese_ci', 'gb2312', 24, 'Yes', 'Yes', 1),
('gb2312_bin', 'gb2312', 86, '', 'Yes', 1),
('greek_general_ci', 'greek', 25, 'Yes', '', 0),
('greek_bin', 'greek', 70, '', '', 0),
('cp1250_general_ci', 'cp1250', 26, 'Yes', 'Yes', 1),
('cp1250_czech_cs', 'cp1250', 34, '', 'Yes', 2),
('cp1250_croatian_ci', 'cp1250', 44, '', 'Yes', 1),
('cp1250_bin', 'cp1250', 66, '', 'Yes', 1),
('gbk_chinese_ci', 'gbk', 28, 'Yes', 'Yes', 1),
('gbk_bin', 'gbk', 87, '', 'Yes', 1),
('latin5_turkish_ci', 'latin5', 30, 'Yes', '', 0),
('latin5_bin', 'latin5', 78, '', '', 0),
('armscii8_general_ci', 'armscii8', 32, 'Yes', '', 0),
('armscii8_bin', 'armscii8', 64, '', '', 0),
('utf8_general_ci', 'utf8', 33, 'Yes', 'Yes', 1),
('utf8_bin', 'utf8', 83, '', 'Yes', 1),
('utf8_unicode_ci', 'utf8', 192, '', 'Yes', 8),
('utf8_icelandic_ci', 'utf8', 193, '', 'Yes', 8),
('utf8_latvian_ci', 'utf8', 194, '', 'Yes', 8),
('utf8_romanian_ci', 'utf8', 195, '', 'Yes', 8),
('utf8_slovenian_ci', 'utf8', 196, '', 'Yes', 8),
('utf8_polish_ci', 'utf8', 197, '', 'Yes', 8),
('utf8_estonian_ci', 'utf8', 198, '', 'Yes', 8),
('utf8_spanish_ci', 'utf8', 199, '', 'Yes', 8),
('utf8_swedish_ci', 'utf8', 200, '', 'Yes', 8),
('utf8_turkish_ci', 'utf8', 201, '', 'Yes', 8),
('utf8_czech_ci', 'utf8', 202, '', 'Yes', 8),
('utf8_danish_ci', 'utf8', 203, '', 'Yes', 8),
('utf8_lithuanian_ci', 'utf8', 204, '', 'Yes', 8),
('utf8_slovak_ci', 'utf8', 205, '', 'Yes', 8),
('utf8_spanish2_ci', 'utf8', 206, '', 'Yes', 8),
('utf8_roman_ci', 'utf8', 207, '', 'Yes', 8),
('utf8_persian_ci', 'utf8', 208, '', 'Yes', 8),
('utf8_esperanto_ci', 'utf8', 209, '', 'Yes', 8),
('utf8_hungarian_ci', 'utf8', 210, '', 'Yes', 8),
('ucs2_general_ci', 'ucs2', 35, 'Yes', 'Yes', 1),
('ucs2_bin', 'ucs2', 90, '', 'Yes', 1),
('ucs2_unicode_ci', 'ucs2', 128, '', 'Yes', 8),
('ucs2_icelandic_ci', 'ucs2', 129, '', 'Yes', 8),
('ucs2_latvian_ci', 'ucs2', 130, '', 'Yes', 8),
('ucs2_romanian_ci', 'ucs2', 131, '', 'Yes', 8),
('ucs2_slovenian_ci', 'ucs2', 132, '', 'Yes', 8),
('ucs2_polish_ci', 'ucs2', 133, '', 'Yes', 8),
('ucs2_estonian_ci', 'ucs2', 134, '', 'Yes', 8),
('ucs2_spanish_ci', 'ucs2', 135, '', 'Yes', 8),
('ucs2_swedish_ci', 'ucs2', 136, '', 'Yes', 8),
('ucs2_turkish_ci', 'ucs2', 137, '', 'Yes', 8),
('ucs2_czech_ci', 'ucs2', 138, '', 'Yes', 8),
('ucs2_danish_ci', 'ucs2', 139, '', 'Yes', 8),
('ucs2_lithuanian_ci', 'ucs2', 140, '', 'Yes', 8),
('ucs2_slovak_ci', 'ucs2', 141, '', 'Yes', 8),
('ucs2_spanish2_ci', 'ucs2', 142, '', 'Yes', 8),
('ucs2_roman_ci', 'ucs2', 143, '', 'Yes', 8),
('ucs2_persian_ci', 'ucs2', 144, '', 'Yes', 8),
('ucs2_esperanto_ci', 'ucs2', 145, '', 'Yes', 8),
('ucs2_hungarian_ci', 'ucs2', 146, '', 'Yes', 8),
('cp866_general_ci', 'cp866', 36, 'Yes', '', 0),
('cp866_bin', 'cp866', 68, '', '', 0),
('keybcs2_general_ci', 'keybcs2', 37, 'Yes', '', 0),
('keybcs2_bin', 'keybcs2', 73, '', '', 0),
('macce_general_ci', 'macce', 38, 'Yes', '', 0),
('macce_bin', 'macce', 43, '', '', 0),
('macroman_general_ci', 'macroman', 39, 'Yes', '', 0),
('macroman_bin', 'macroman', 53, '', '', 0),
('cp852_general_ci', 'cp852', 40, 'Yes', '', 0),
('cp852_bin', 'cp852', 81, '', '', 0),
('latin7_estonian_cs', 'latin7', 20, '', '', 0),
('latin7_general_ci', 'latin7', 41, 'Yes', '', 0),
('latin7_general_cs', 'latin7', 42, '', '', 0),
('latin7_bin', 'latin7', 79, '', '', 0),
('cp1251_bulgarian_ci', 'cp1251', 14, '', '', 0),
('cp1251_ukrainian_ci', 'cp1251', 23, '', '', 0),
('cp1251_bin', 'cp1251', 50, '', '', 0),
('cp1251_general_ci', 'cp1251', 51, 'Yes', '', 0),
('cp1251_general_cs', 'cp1251', 52, '', '', 0),
('cp1256_general_ci', 'cp1256', 57, 'Yes', '', 0),
('cp1256_bin', 'cp1256', 67, '', '', 0),
('cp1257_lithuanian_ci', 'cp1257', 29, '', '', 0),
('cp1257_bin', 'cp1257', 58, '', '', 0),
('cp1257_general_ci', 'cp1257', 59, 'Yes', '', 0),
('binary', 'binary', 63, 'Yes', 'Yes', 1),
('geostd8_general_ci', 'geostd8', 92, 'Yes', '', 0),
('geostd8_bin', 'geostd8', 93, '', '', 0),
('cp932_japanese_ci', 'cp932', 95, 'Yes', 'Yes', 1),
('cp932_bin', 'cp932', 96, '', 'Yes', 1),
('eucjpms_japanese_ci', 'eucjpms', 97, 'Yes', 'Yes', 1),
('eucjpms_bin', 'eucjpms', 98, '', 'Yes', 1);

-- --------------------------------------------------------

--
-- Структура таблицы `COLLATION_CHARACTER_SET_APPLICABILITY`
--

CREATE TEMPORARY TABLE `COLLATION_CHARACTER_SET_APPLICABILITY` (
  `COLLATION_NAME` varchar(64) NOT NULL default '',
  `CHARACTER_SET_NAME` varchar(64) NOT NULL default ''
) ENGINE=MEMORY DEFAULT CHARSET=utf8;

--
-- Дамп данных таблицы `COLLATION_CHARACTER_SET_APPLICABILITY`
--

INSERT INTO `COLLATION_CHARACTER_SET_APPLICABILITY` (`COLLATION_NAME`, `CHARACTER_SET_NAME`) VALUES
('big5_chinese_ci', 'big5'),
('big5_bin', 'big5'),
('dec8_swedish_ci', 'dec8'),
('dec8_bin', 'dec8'),
('cp850_general_ci', 'cp850'),
('cp850_bin', 'cp850'),
('hp8_english_ci', 'hp8'),
('hp8_bin', 'hp8'),
('koi8r_general_ci', 'koi8r'),
('koi8r_bin', 'koi8r'),
('latin1_german1_ci', 'latin1'),
('latin1_swedish_ci', 'latin1'),
('latin1_danish_ci', 'latin1'),
('latin1_german2_ci', 'latin1'),
('latin1_bin', 'latin1'),
('latin1_general_ci', 'latin1'),
('latin1_general_cs', 'latin1'),
('latin1_spanish_ci', 'latin1'),
('latin2_czech_cs', 'latin2'),
('latin2_general_ci', 'latin2'),
('latin2_hungarian_ci', 'latin2'),
('latin2_croatian_ci', 'latin2'),
('latin2_bin', 'latin2'),
('swe7_swedish_ci', 'swe7'),
('swe7_bin', 'swe7'),
('ascii_general_ci', 'ascii'),
('ascii_bin', 'ascii'),
('ujis_japanese_ci', 'ujis'),
('ujis_bin', 'ujis'),
('sjis_japanese_ci', 'sjis'),
('sjis_bin', 'sjis'),
('hebrew_general_ci', 'hebrew'),
('hebrew_bin', 'hebrew'),
('tis620_thai_ci', 'tis620'),
('tis620_bin', 'tis620'),
('euckr_korean_ci', 'euckr'),
('euckr_bin', 'euckr'),
('koi8u_general_ci', 'koi8u'),
('koi8u_bin', 'koi8u'),
('gb2312_chinese_ci', 'gb2312'),
('gb2312_bin', 'gb2312'),
('greek_general_ci', 'greek'),
('greek_bin', 'greek'),
('cp1250_general_ci', 'cp1250'),
('cp1250_czech_cs', 'cp1250'),
('cp1250_croatian_ci', 'cp1250'),
('cp1250_bin', 'cp1250'),
('gbk_chinese_ci', 'gbk'),
('gbk_bin', 'gbk'),
('latin5_turkish_ci', 'latin5'),
('latin5_bin', 'latin5'),
('armscii8_general_ci', 'armscii8'),
('armscii8_bin', 'armscii8'),
('utf8_general_ci', 'utf8'),
('utf8_bin', 'utf8'),
('utf8_unicode_ci', 'utf8'),
('utf8_icelandic_ci', 'utf8'),
('utf8_latvian_ci', 'utf8'),
('utf8_romanian_ci', 'utf8'),
('utf8_slovenian_ci', 'utf8'),
('utf8_polish_ci', 'utf8'),
('utf8_estonian_ci', 'utf8'),
('utf8_spanish_ci', 'utf8'),
('utf8_swedish_ci', 'utf8'),
('utf8_turkish_ci', 'utf8'),
('utf8_czech_ci', 'utf8'),
('utf8_danish_ci', 'utf8'),
('utf8_lithuanian_ci', 'utf8'),
('utf8_slovak_ci', 'utf8'),
('utf8_spanish2_ci', 'utf8'),
('utf8_roman_ci', 'utf8'),
('utf8_persian_ci', 'utf8'),
('utf8_esperanto_ci', 'utf8'),
('utf8_hungarian_ci', 'utf8'),
('ucs2_general_ci', 'ucs2'),
('ucs2_bin', 'ucs2'),
('ucs2_unicode_ci', 'ucs2'),
('ucs2_icelandic_ci', 'ucs2'),
('ucs2_latvian_ci', 'ucs2'),
('ucs2_romanian_ci', 'ucs2'),
('ucs2_slovenian_ci', 'ucs2'),
('ucs2_polish_ci', 'ucs2'),
('ucs2_estonian_ci', 'ucs2'),
('ucs2_spanish_ci', 'ucs2'),
('ucs2_swedish_ci', 'ucs2'),
('ucs2_turkish_ci', 'ucs2'),
('ucs2_czech_ci', 'ucs2'),
('ucs2_danish_ci', 'ucs2'),
('ucs2_lithuanian_ci', 'ucs2'),
('ucs2_slovak_ci', 'ucs2'),
('ucs2_spanish2_ci', 'ucs2'),
('ucs2_roman_ci', 'ucs2'),
('ucs2_persian_ci', 'ucs2'),
('ucs2_esperanto_ci', 'ucs2'),
('ucs2_hungarian_ci', 'ucs2'),
('cp866_general_ci', 'cp866'),
('cp866_bin', 'cp866'),
('keybcs2_general_ci', 'keybcs2'),
('keybcs2_bin', 'keybcs2'),
('macce_general_ci', 'macce'),
('macce_bin', 'macce'),
('macroman_general_ci', 'macroman'),
('macroman_bin', 'macroman'),
('cp852_general_ci', 'cp852'),
('cp852_bin', 'cp852'),
('latin7_estonian_cs', 'latin7'),
('latin7_general_ci', 'latin7'),
('latin7_general_cs', 'latin7'),
('latin7_bin', 'latin7'),
('cp1251_bulgarian_ci', 'cp1251'),
('cp1251_ukrainian_ci', 'cp1251'),
('cp1251_bin', 'cp1251'),
('cp1251_general_ci', 'cp1251'),
('cp1251_general_cs', 'cp1251'),
('cp1256_general_ci', 'cp1256'),
('cp1256_bin', 'cp1256'),
('cp1257_lithuanian_ci', 'cp1257'),
('cp1257_bin', 'cp1257'),
('cp1257_general_ci', 'cp1257'),
('binary', 'binary'),
('geostd8_general_ci', 'geostd8'),
('geostd8_bin', 'geostd8'),
('cp932_japanese_ci', 'cp932'),
('cp932_bin', 'cp932'),
('eucjpms_japanese_ci', 'eucjpms'),
('eucjpms_bin', 'eucjpms');

-- --------------------------------------------------------

--
-- Структура таблицы `COLUMNS`
--

CREATE TEMPORARY TABLE `COLUMNS` (
  `TABLE_CATALOG` varchar(512) default NULL,
  `TABLE_SCHEMA` varchar(64) NOT NULL default '',
  `TABLE_NAME` varchar(64) NOT NULL default '',
  `COLUMN_NAME` varchar(64) NOT NULL default '',
  `ORDINAL_POSITION` bigint(21) NOT NULL default '0',
  `COLUMN_DEFAULT` longtext,
  `IS_NULLABLE` varchar(3) NOT NULL default '',
  `DATA_TYPE` varchar(64) NOT NULL default '',
  `CHARACTER_MAXIMUM_LENGTH` bigint(21) default NULL,
  `CHARACTER_OCTET_LENGTH` bigint(21) default NULL,
  `NUMERIC_PRECISION` bigint(21) default NULL,
  `NUMERIC_SCALE` bigint(21) default NULL,
  `CHARACTER_SET_NAME` varchar(64) default NULL,
  `COLLATION_NAME` varchar(64) default NULL,
  `COLUMN_TYPE` longtext NOT NULL,
  `COLUMN_KEY` varchar(3) NOT NULL default '',
  `EXTRA` varchar(20) NOT NULL default '',
  `PRIVILEGES` varchar(80) NOT NULL default '',
  `COLUMN_COMMENT` varchar(255) NOT NULL default ''
) ENGINE=MyISAM DEFAULT CHARSET=utf8;

--
-- Дамп данных таблицы `COLUMNS`
--

INSERT INTO `COLUMNS` (`TABLE_CATALOG`, `TABLE_SCHEMA`, `TABLE_NAME`, `COLUMN_NAME`, `ORDINAL_POSITION`, `COLUMN_DEFAULT`, `IS_NULLABLE`, `DATA_TYPE`, `CHARACTER_MAXIMUM_LENGTH`, `CHARACTER_OCTET_LENGTH`, `NUMERIC_PRECISION`, `NUMERIC_SCALE`, `CHARACTER_SET_NAME`, `COLLATION_NAME`, `COLUMN_TYPE`, `COLUMN_KEY`, `EXTRA`, `PRIVILEGES`, `COLUMN_COMMENT`) VALUES
(NULL, 'information_schema', 'CHARACTER_SETS', 'CHARACTER_SET_NAME', 1, '', 'NO', 'varchar', 64, 192, NULL, NULL, 'utf8', 'utf8_general_ci', 'varchar(64)', '', '', 'select', ''),
(NULL, 'information_schema', 'CHARACTER_SETS', 'DEFAULT_COLLATE_NAME', 2, '', 'NO', 'varchar', 64, 192, NULL, NULL, 'utf8', 'utf8_general_ci', 'varchar(64)', '', '', 'select', ''),
(NULL, 'information_schema', 'CHARACTER_SETS', 'DESCRIPTION', 3, '', 'NO', 'varchar', 60, 180, NULL, NULL, 'utf8', 'utf8_general_ci', 'varchar(60)', '', '', 'select', ''),
(NULL, 'information_schema', 'CHARACTER_SETS', 'MAXLEN', 4, '0', 'NO', 'bigint', NULL, NULL, 19, 0, NULL, NULL, 'bigint(3)', '', '', 'select', ''),
(NULL, 'information_schema', 'COLLATIONS', 'COLLATION_NAME', 1, '', 'NO', 'varchar', 64, 192, NULL, NULL, 'utf8', 'utf8_general_ci', 'varchar(64)', '', '', 'select', ''),
(NULL, 'information_schema', 'COLLATIONS', 'CHARACTER_SET_NAME', 2, '', 'NO', 'varchar', 64, 192, NULL, NULL, 'utf8', 'utf8_general_ci', 'varchar(64)', '', '', 'select', ''),
(NULL, 'information_schema', 'COLLATIONS', 'ID', 3, '0', 'NO', 'bigint', NULL, NULL, 19, 0, NULL, NULL, 'bigint(11)', '', '', 'select', ''),
(NULL, 'information_schema', 'COLLATIONS', 'IS_DEFAULT', 4, '', 'NO', 'varchar', 3, 9, NULL, NULL, 'utf8', 'utf8_general_ci', 'varchar(3)', '', '', 'select', ''),
(NULL, 'information_schema', 'COLLATIONS', 'IS_COMPILED', 5, '', 'NO', 'varchar', 3, 9, NULL, NULL, 'utf8', 'utf8_general_ci', 'varchar(3)', '', '', 'select', ''),
(NULL, 'information_schema', 'COLLATIONS', 'SORTLEN', 6, '0', 'NO', 'bigint', NULL, NULL, 19, 0, NULL, NULL, 'bigint(3)', '', '', 'select', ''),
(NULL, 'information_schema', 'COLLATION_CHARACTER_SET_APPLICABILITY', 'COLLATION_NAME', 1, '', 'NO', 'varchar', 64, 192, NULL, NULL, 'utf8', 'utf8_general_ci', 'varchar(64)', '', '', 'select', ''),
(NULL, 'information_schema', 'COLLATION_CHARACTER_SET_APPLICABILITY', 'CHARACTER_SET_NAME', 2, '', 'NO', 'varchar', 64, 192, NULL, NULL, 'utf8', 'utf8_general_ci', 'varchar(64)', '', '', 'select', ''),
(NULL, 'information_schema', 'COLUMNS', 'TABLE_CATALOG', 1, NULL, 'YES', 'varchar', 512, 1536, NULL, NULL, 'utf8', 'utf8_general_ci', 'varchar(512)', '', '', 'select', ''),
(NULL, 'information_schema', 'COLUMNS', 'TABLE_SCHEMA', 2, '', 'NO', 'varchar', 64, 192, NULL, NULL, 'utf8', 'utf8_general_ci', 'varchar(64)', '', '', 'select', ''),
(NULL, 'information_schema', 'COLUMNS', 'TABLE_NAME', 3, '', 'NO', 'varchar', 64, 192, NULL, NULL, 'utf8', 'utf8_general_ci', 'varchar(64)', '', '', 'select', ''),
(NULL, 'information_schema', 'COLUMNS', 'COLUMN_NAME', 4, '', 'NO', 'varchar', 64, 192, NULL, NULL, 'utf8', 'utf8_general_ci', 'varchar(64)', '', '', 'select', ''),
(NULL, 'information_schema', 'COLUMNS', 'ORDINAL_POSITION', 5, '0', 'NO', 'bigint', NULL, NULL, 19, 0, NULL, NULL, 'bigint(21)', '', '', 'select', ''),
(NULL, 'information_schema', 'COLUMNS', 'COLUMN_DEFAULT', 6, NULL, 'YES', 'longtext', 4294967295, 4294967295, NULL, NULL, 'utf8', 'utf8_general_ci', 'longtext', '', '', 'select', ''),
(NULL, 'information_schema', 'COLUMNS', 'IS_NULLABLE', 7, '', 'NO', 'varchar', 3, 9, NULL, NULL, 'utf8', 'utf8_general_ci', 'varchar(3)', '', '', 'select', ''),
(NULL, 'information_schema', 'COLUMNS', 'DATA_TYPE', 8, '', 'NO', 'varchar', 64, 192, NULL, NULL, 'utf8', 'utf8_general_ci', 'varchar(64)', '', '', 'select', ''),
(NULL, 'information_schema', 'COLUMNS', 'CHARACTER_MAXIMUM_LENGTH', 9, NULL, 'YES', 'bigint', NULL, NULL, 19, 0, NULL, NULL, 'bigint(21)', '', '', 'select', ''),
(NULL, 'information_schema', 'COLUMNS', 'CHARACTER_OCTET_LENGTH', 10, NULL, 'YES', 'bigint', NULL, NULL, 19, 0, NULL, NULL, 'bigint(21)', '', '', 'select', ''),
(NULL, 'information_schema', 'COLUMNS', 'NUMERIC_PRECISION', 11, NULL, 'YES', 'bigint', NULL, NULL, 19, 0, NULL, NULL, 'bigint(21)', '', '', 'select', ''),
(NULL, 'information_schema', 'COLUMNS', 'NUMERIC_SCALE', 12, NULL, 'YES', 'bigint', NULL, NULL, 19, 0, NULL, NULL, 'bigint(21)', '', '', 'select', ''),
(NULL, 'information_schema', 'COLUMNS', 'CHARACTER_SET_NAME', 13, NULL, 'YES', 'varchar', 64, 192, NULL, NULL, 'utf8', 'utf8_general_ci', 'varchar(64)', '', '', 'select', ''),
(NULL, 'information_schema', 'COLUMNS', 'COLLATION_NAME', 14, NULL, 'YES', 'varchar', 64, 192, NULL, NULL, 'utf8', 'utf8_general_ci', 'varchar(64)', '', '', 'select', ''),
(NULL, 'information_schema', 'COLUMNS', 'COLUMN_TYPE', 15, NULL, 'NO', 'longtext', 4294967295, 4294967295, NULL, NULL, 'utf8', 'utf8_general_ci', 'longtext', '', '', 'select', ''),
(NULL, 'information_schema', 'COLUMNS', 'COLUMN_KEY', 16, '', 'NO', 'varchar', 3, 9, NULL, NULL, 'utf8', 'utf8_general_ci', 'varchar(3)', '', '', 'select', ''),
(NULL, 'information_schema', 'COLUMNS', 'EXTRA', 17, '', 'NO', 'varchar', 20, 60, NULL, NULL, 'utf8', 'utf8_general_ci', 'varchar(20)', '', '', 'select', ''),
(NULL, 'information_schema', 'COLUMNS', 'PRIVILEGES', 18, '', 'NO', 'varchar', 80, 240, NULL, NULL, 'utf8', 'utf8_general_ci', 'varchar(80)', '', '', 'select', ''),
(NULL, 'information_schema', 'COLUMNS', 'COLUMN_COMMENT', 19, '', 'NO', 'varchar', 255, 765, NULL, NULL, 'utf8', 'utf8_general_ci', 'varchar(255)', '', '', 'select', ''),
(NULL, 'information_schema', 'COLUMN_PRIVILEGES', 'GRANTEE', 1, '', 'NO', 'varchar', 81, 243, NULL, NULL, 'utf8', 'utf8_general_ci', 'varchar(81)', '', '', 'select', ''),
(NULL, 'information_schema', 'COLUMN_PRIVILEGES', 'TABLE_CATALOG', 2, NULL, 'YES', 'varchar', 512, 1536, NULL, NULL, 'utf8', 'utf8_general_ci', 'varchar(512)', '', '', 'select', ''),
(NULL, 'information_schema', 'COLUMN_PRIVILEGES', 'TABLE_SCHEMA', 3, '', 'NO', 'varchar', 64, 192, NULL, NULL, 'utf8', 'utf8_general_ci', 'varchar(64)', '', '', 'select', ''),
(NULL, 'information_schema', 'COLUMN_PRIVILEGES', 'TABLE_NAME', 4, '', 'NO', 'varchar', 64, 192, NULL, NULL, 'utf8', 'utf8_general_ci', 'varchar(64)', '', '', 'select', ''),
(NULL, 'information_schema', 'COLUMN_PRIVILEGES', 'COLUMN_NAME', 5, '', 'NO', 'varchar', 64, 192, NULL, NULL, 'utf8', 'utf8_general_ci', 'varchar(64)', '', '', 'select', ''),
(NULL, 'information_schema', 'COLUMN_PRIVILEGES', 'PRIVILEGE_TYPE', 6, '', 'NO', 'varchar', 64, 192, NULL, NULL, 'utf8', 'utf8_general_ci', 'varchar(64)', '', '', 'select', ''),
(NULL, 'information_schema', 'COLUMN_PRIVILEGES', 'IS_GRANTABLE', 7, '', 'NO', 'varchar', 3, 9, NULL, NULL, 'utf8', 'utf8_general_ci', 'varchar(3)', '', '', 'select', ''),
(NULL, 'information_schema', 'KEY_COLUMN_USAGE', 'CONSTRAINT_CATALOG', 1, NULL, 'YES', 'varchar', 512, 1536, NULL, NULL, 'utf8', 'utf8_general_ci', 'varchar(512)', '', '', 'select', ''),
(NULL, 'information_schema', 'KEY_COLUMN_USAGE', 'CONSTRAINT_SCHEMA', 2, '', 'NO', 'varchar', 64, 192, NULL, NULL, 'utf8', 'utf8_general_ci', 'varchar(64)', '', '', 'select', ''),
(NULL, 'information_schema', 'KEY_COLUMN_USAGE', 'CONSTRAINT_NAME', 3, '', 'NO', 'varchar', 64, 192, NULL, NULL, 'utf8', 'utf8_general_ci', 'varchar(64)', '', '', 'select', ''),
(NULL, 'information_schema', 'KEY_COLUMN_USAGE', 'TABLE_CATALOG', 4, NULL, 'YES', 'varchar', 512, 1536, NULL, NULL, 'utf8', 'utf8_general_ci', 'varchar(512)', '', '', 'select', ''),
(NULL, 'information_schema', 'KEY_COLUMN_USAGE', 'TABLE_SCHEMA', 5, '', 'NO', 'varchar', 64, 192, NULL, NULL, 'utf8', 'utf8_general_ci', 'varchar(64)', '', '', 'select', ''),
(NULL, 'information_schema', 'KEY_COLUMN_USAGE', 'TABLE_NAME', 6, '', 'NO', 'varchar', 64, 192, NULL, NULL, 'utf8', 'utf8_general_ci', 'varchar(64)', '', '', 'select', ''),
(NULL, 'information_schema', 'KEY_COLUMN_USAGE', 'COLUMN_NAME', 7, '', 'NO', 'varchar', 64, 192, NULL, NULL, 'utf8', 'utf8_general_ci', 'varchar(64)', '', '', 'select', ''),
(NULL, 'information_schema', 'KEY_COLUMN_USAGE', 'ORDINAL_POSITION', 8, '0', 'NO', 'bigint', NULL, NULL, 19, 0, NULL, NULL, 'bigint(10)', '', '', 'select', ''),
(NULL, 'information_schema', 'KEY_COLUMN_USAGE', 'POSITION_IN_UNIQUE_CONSTRAINT', 9, NULL, 'YES', 'bigint', NULL, NULL, 19, 0, NULL, NULL, 'bigint(10)', '', '', 'select', ''),
(NULL, 'information_schema', 'KEY_COLUMN_USAGE', 'REFERENCED_TABLE_SCHEMA', 10, NULL, 'YES', 'varchar', 64, 192, NULL, NULL, 'utf8', 'utf8_general_ci', 'varchar(64)', '', '', 'select', ''),
(NULL, 'information_schema', 'KEY_COLUMN_USAGE', 'REFERENCED_TABLE_NAME', 11, NULL, 'YES', 'varchar', 64, 192, NULL, NULL, 'utf8', 'utf8_general_ci', 'varchar(64)', '', '', 'select', ''),
(NULL, 'information_schema', 'KEY_COLUMN_USAGE', 'REFERENCED_COLUMN_NAME', 12, NULL, 'YES', 'varchar', 64, 192, NULL, NULL, 'utf8', 'utf8_general_ci', 'varchar(64)', '', '', 'select', ''),
(NULL, 'information_schema', 'PROFILING', 'QUERY_ID', 1, '0', 'NO', 'bigint', NULL, NULL, 19, 0, NULL, NULL, 'bigint(20)', '', '', 'select', ''),
(NULL, 'information_schema', 'PROFILING', 'SEQ', 2, '0', 'NO', 'bigint', NULL, NULL, 19, 0, NULL, NULL, 'bigint(20)', '', '', 'select', ''),
(NULL, 'information_schema', 'PROFILING', 'STATE', 3, '', 'NO', 'varchar', 30, 90, NULL, NULL, 'utf8', 'utf8_general_ci', 'varchar(30)', '', '', 'select', ''),
(NULL, 'information_schema', 'PROFILING', 'DURATION', 4, '0.000000', 'NO', 'decimal', NULL, NULL, 9, 6, NULL, NULL, 'decimal(9,6)', '', '', 'select', ''),
(NULL, 'information_schema', 'PROFILING', 'CPU_USER', 5, NULL, 'YES', 'decimal', NULL, NULL, 9, 6, NULL, NULL, 'decimal(9,6)', '', '', 'select', ''),
(NULL, 'information_schema', 'PROFILING', 'CPU_SYSTEM', 6, NULL, 'YES', 'decimal', NULL, NULL, 9, 6, NULL, NULL, 'decimal(9,6)', '', '', 'select', ''),
(NULL, 'information_schema', 'PROFILING', 'CONTEXT_VOLUNTARY', 7, NULL, 'YES', 'bigint', NULL, NULL, 19, 0, NULL, NULL, 'bigint(20)', '', '', 'select', ''),
(NULL, 'information_schema', 'PROFILING', 'CONTEXT_INVOLUNTARY', 8, NULL, 'YES', 'bigint', NULL, NULL, 19, 0, NULL, NULL, 'bigint(20)', '', '', 'select', ''),
(NULL, 'information_schema', 'PROFILING', 'BLOCK_OPS_IN', 9, NULL, 'YES', 'bigint', NULL, NULL, 19, 0, NULL, NULL, 'bigint(20)', '', '', 'select', ''),
(NULL, 'information_schema', 'PROFILING', 'BLOCK_OPS_OUT', 10, NULL, 'YES', 'bigint', NULL, NULL, 19, 0, NULL, NULL, 'bigint(20)', '', '', 'select', ''),
(NULL, 'information_schema', 'PROFILING', 'MESSAGES_SENT', 11, NULL, 'YES', 'bigint', NULL, NULL, 19, 0, NULL, NULL, 'bigint(20)', '', '', 'select', ''),
(NULL, 'information_schema', 'PROFILING', 'MESSAGES_RECEIVED', 12, NULL, 'YES', 'bigint', NULL, NULL, 19, 0, NULL, NULL, 'bigint(20)', '', '', 'select', ''),
(NULL, 'information_schema', 'PROFILING', 'PAGE_FAULTS_MAJOR', 13, NULL, 'YES', 'bigint', NULL, NULL, 19, 0, NULL, NULL, 'bigint(20)', '', '', 'select', ''),
(NULL, 'information_schema', 'PROFILING', 'PAGE_FAULTS_MINOR', 14, NULL, 'YES', 'bigint', NULL, NULL, 19, 0, NULL, NULL, 'bigint(20)', '', '', 'select', ''),
(NULL, 'information_schema', 'PROFILING', 'SWAPS', 15, NULL, 'YES', 'bigint', NULL, NULL, 19, 0, NULL, NULL, 'bigint(20)', '', '', 'select', ''),
(NULL, 'information_schema', 'PROFILING', 'SOURCE_FUNCTION', 16, NULL, 'YES', 'varchar', 30, 90, NULL, NULL, 'utf8', 'utf8_general_ci', 'varchar(30)', '', '', 'select', ''),
(NULL, 'information_schema', 'PROFILING', 'SOURCE_FILE', 17, NULL, 'YES', 'varchar', 20, 60, NULL, NULL, 'utf8', 'utf8_general_ci', 'varchar(20)', '', '', 'select', ''),
(NULL, 'information_schema', 'PROFILING', 'SOURCE_LINE', 18, NULL, 'YES', 'bigint', NULL, NULL, 19, 0, NULL, NULL, 'bigint(20)', '', '', 'select', ''),
(NULL, 'information_schema', 'ROUTINES', 'SPECIFIC_NAME', 1, '', 'NO', 'varchar', 64, 192, NULL, NULL, 'utf8', 'utf8_general_ci', 'varchar(64)', '', '', 'select', ''),
(NULL, 'information_schema', 'ROUTINES', 'ROUTINE_CATALOG', 2, NULL, 'YES', 'varchar', 512, 1536, NULL, NULL, 'utf8', 'utf8_general_ci', 'varchar(512)', '', '', 'select', ''),
(NULL, 'information_schema', 'ROUTINES', 'ROUTINE_SCHEMA', 3, '', 'NO', 'varchar', 64, 192, NULL, NULL, 'utf8', 'utf8_general_ci', 'varchar(64)', '', '', 'select', ''),
(NULL, 'information_schema', 'ROUTINES', 'ROUTINE_NAME', 4, '', 'NO', 'varchar', 64, 192, NULL, NULL, 'utf8', 'utf8_general_ci', 'varchar(64)', '', '', 'select', ''),
(NULL, 'information_schema', 'ROUTINES', 'ROUTINE_TYPE', 5, '', 'NO', 'varchar', 9, 27, NULL, NULL, 'utf8', 'utf8_general_ci', 'varchar(9)', '', '', 'select', ''),
(NULL, 'information_schema', 'ROUTINES', 'DTD_IDENTIFIER', 6, NULL, 'YES', 'varchar', 64, 192, NULL, NULL, 'utf8', 'utf8_general_ci', 'varchar(64)', '', '', 'select', ''),
(NULL, 'information_schema', 'ROUTINES', 'ROUTINE_BODY', 7, '', 'NO', 'varchar', 8, 24, NULL, NULL, 'utf8', 'utf8_general_ci', 'varchar(8)', '', '', 'select', ''),
(NULL, 'information_schema', 'ROUTINES', 'ROUTINE_DEFINITION', 8, NULL, 'YES', 'longtext', 4294967295, 4294967295, NULL, NULL, 'utf8', 'utf8_general_ci', 'longtext', '', '', 'select', ''),
(NULL, 'information_schema', 'ROUTINES', 'EXTERNAL_NAME', 9, NULL, 'YES', 'varchar', 64, 192, NULL, NULL, 'utf8', 'utf8_general_ci', 'varchar(64)', '', '', 'select', ''),
(NULL, 'information_schema', 'ROUTINES', 'EXTERNAL_LANGUAGE', 10, NULL, 'YES', 'varchar', 64, 192, NULL, NULL, 'utf8', 'utf8_general_ci', 'varchar(64)', '', '', 'select', ''),
(NULL, 'information_schema', 'ROUTINES', 'PARAMETER_STYLE', 11, '', 'NO', 'varchar', 8, 24, NULL, NULL, 'utf8', 'utf8_general_ci', 'varchar(8)', '', '', 'select', ''),
(NULL, 'information_schema', 'ROUTINES', 'IS_DETERMINISTIC', 12, '', 'NO', 'varchar', 3, 9, NULL, NULL, 'utf8', 'utf8_general_ci', 'varchar(3)', '', '', 'select', ''),
(NULL, 'information_schema', 'ROUTINES', 'SQL_DATA_ACCESS', 13, '', 'NO', 'varchar', 64, 192, NULL, NULL, 'utf8', 'utf8_general_ci', 'varchar(64)', '', '', 'select', ''),
(NULL, 'information_schema', 'ROUTINES', 'SQL_PATH', 14, NULL, 'YES', 'varchar', 64, 192, NULL, NULL, 'utf8', 'utf8_general_ci', 'varchar(64)', '', '', 'select', ''),
(NULL, 'information_schema', 'ROUTINES', 'SECURITY_TYPE', 15, '', 'NO', 'varchar', 7, 21, NULL, NULL, 'utf8', 'utf8_general_ci', 'varchar(7)', '', '', 'select', ''),
(NULL, 'information_schema', 'ROUTINES', 'CREATED', 16, '0000-00-00 00:00:00', 'NO', 'datetime', NULL, NULL, NULL, NULL, NULL, NULL, 'datetime', '', '', 'select', ''),
(NULL, 'information_schema', 'ROUTINES', 'LAST_ALTERED', 17, '0000-00-00 00:00:00', 'NO', 'datetime', NULL, NULL, NULL, NULL, NULL, NULL, 'datetime', '', '', 'select', ''),
(NULL, 'information_schema', 'ROUTINES', 'SQL_MODE', 18, NULL, 'NO', 'longtext', 4294967295, 4294967295, NULL, NULL, 'utf8', 'utf8_general_ci', 'longtext', '', '', 'select', ''),
(NULL, 'information_schema', 'ROUTINES', 'ROUTINE_COMMENT', 19, '', 'NO', 'varchar', 64, 192, NULL, NULL, 'utf8', 'utf8_general_ci', 'varchar(64)', '', '', 'select', ''),
(NULL, 'information_schema', 'ROUTINES', 'DEFINER', 20, '', 'NO', 'varchar', 77, 231, NULL, NULL, 'utf8', 'utf8_general_ci', 'varchar(77)', '', '', 'select', ''),
(NULL, 'information_schema', 'SCHEMATA', 'CATALOG_NAME', 1, NULL, 'YES', 'varchar', 512, 1536, NULL, NULL, 'utf8', 'utf8_general_ci', 'varchar(512)', '', '', 'select', ''),
(NULL, 'information_schema', 'SCHEMATA', 'SCHEMA_NAME', 2, '', 'NO', 'varchar', 64, 192, NULL, NULL, 'utf8', 'utf8_general_ci', 'varchar(64)', '', '', 'select', ''),
(NULL, 'information_schema', 'SCHEMATA', 'DEFAULT_CHARACTER_SET_NAME', 3, '', 'NO', 'varchar', 64, 192, NULL, NULL, 'utf8', 'utf8_general_ci', 'varchar(64)', '', '', 'select', ''),
(NULL, 'information_schema', 'SCHEMATA', 'DEFAULT_COLLATION_NAME', 4, '', 'NO', 'varchar', 64, 192, NULL, NULL, 'utf8', 'utf8_general_ci', 'varchar(64)', '', '', 'select', ''),
(NULL, 'information_schema', 'SCHEMATA', 'SQL_PATH', 5, NULL, 'YES', 'varchar', 512, 1536, NULL, NULL, 'utf8', 'utf8_general_ci', 'varchar(512)', '', '', 'select', ''),
(NULL, 'information_schema', 'SCHEMA_PRIVILEGES', 'GRANTEE', 1, '', 'NO', 'varchar', 81, 243, NULL, NULL, 'utf8', 'utf8_general_ci', 'varchar(81)', '', '', 'select', ''),
(NULL, 'information_schema', 'SCHEMA_PRIVILEGES', 'TABLE_CATALOG', 2, NULL, 'YES', 'varchar', 512, 1536, NULL, NULL, 'utf8', 'utf8_general_ci', 'varchar(512)', '', '', 'select', ''),
(NULL, 'information_schema', 'SCHEMA_PRIVILEGES', 'TABLE_SCHEMA', 3, '', 'NO', 'varchar', 64, 192, NULL, NULL, 'utf8', 'utf8_general_ci', 'varchar(64)', '', '', 'select', ''),
(NULL, 'information_schema', 'SCHEMA_PRIVILEGES', 'PRIVILEGE_TYPE', 4, '', 'NO', 'varchar', 64, 192, NULL, NULL, 'utf8', 'utf8_general_ci', 'varchar(64)', '', '', 'select', ''),
(NULL, 'information_schema', 'SCHEMA_PRIVILEGES', 'IS_GRANTABLE', 5, '', 'NO', 'varchar', 3, 9, NULL, NULL, 'utf8', 'utf8_general_ci', 'varchar(3)', '', '', 'select', ''),
(NULL, 'information_schema', 'STATISTICS', 'TABLE_CATALOG', 1, NULL, 'YES', 'varchar', 512, 1536, NULL, NULL, 'utf8', 'utf8_general_ci', 'varchar(512)', '', '', 'select', ''),
(NULL, 'information_schema', 'STATISTICS', 'TABLE_SCHEMA', 2, '', 'NO', 'varchar', 64, 192, NULL, NULL, 'utf8', 'utf8_general_ci', 'varchar(64)', '', '', 'select', ''),
(NULL, 'information_schema', 'STATISTICS', 'TABLE_NAME', 3, '', 'NO', 'varchar', 64, 192, NULL, NULL, 'utf8', 'utf8_general_ci', 'varchar(64)', '', '', 'select', ''),
(NULL, 'information_schema', 'STATISTICS', 'NON_UNIQUE', 4, '0', 'NO', 'bigint', NULL, NULL, 19, 0, NULL, NULL, 'bigint(1)', '', '', 'select', ''),
(NULL, 'information_schema', 'STATISTICS', 'INDEX_SCHEMA', 5, '', 'NO', 'varchar', 64, 192, NULL, NULL, 'utf8', 'utf8_general_ci', 'varchar(64)', '', '', 'select', ''),
(NULL, 'information_schema', 'STATISTICS', 'INDEX_NAME', 6, '', 'NO', 'varchar', 64, 192, NULL, NULL, 'utf8', 'utf8_general_ci', 'varchar(64)', '', '', 'select', ''),
(NULL, 'information_schema', 'STATISTICS', 'SEQ_IN_INDEX', 7, '0', 'NO', 'bigint', NULL, NULL, 19, 0, NULL, NULL, 'bigint(2)', '', '', 'select', ''),
(NULL, 'information_schema', 'STATISTICS', 'COLUMN_NAME', 8, '', 'NO', 'varchar', 64, 192, NULL, NULL, 'utf8', 'utf8_general_ci', 'varchar(64)', '', '', 'select', ''),
(NULL, 'information_schema', 'STATISTICS', 'COLLATION', 9, NULL, 'YES', 'varchar', 1, 3, NULL, NULL, 'utf8', 'utf8_general_ci', 'varchar(1)', '', '', 'select', ''),
(NULL, 'information_schema', 'STATISTICS', 'CARDINALITY', 10, NULL, 'YES', 'bigint', NULL, NULL, 19, 0, NULL, NULL, 'bigint(21)', '', '', 'select', ''),
(NULL, 'information_schema', 'STATISTICS', 'SUB_PART', 11, NULL, 'YES', 'bigint', NULL, NULL, 19, 0, NULL, NULL, 'bigint(3)', '', '', 'select', ''),
(NULL, 'information_schema', 'STATISTICS', 'PACKED', 12, NULL, 'YES', 'varchar', 10, 30, NULL, NULL, 'utf8', 'utf8_general_ci', 'varchar(10)', '', '', 'select', ''),
(NULL, 'information_schema', 'STATISTICS', 'NULLABLE', 13, '', 'NO', 'varchar', 3, 9, NULL, NULL, 'utf8', 'utf8_general_ci', 'varchar(3)', '', '', 'select', ''),
(NULL, 'information_schema', 'STATISTICS', 'INDEX_TYPE', 14, '', 'NO', 'varchar', 16, 48, NULL, NULL, 'utf8', 'utf8_general_ci', 'varchar(16)', '', '', 'select', ''),
(NULL, 'information_schema', 'STATISTICS', 'COMMENT', 15, NULL, 'YES', 'varchar', 16, 48, NULL, NULL, 'utf8', 'utf8_general_ci', 'varchar(16)', '', '', 'select', ''),
(NULL, 'information_schema', 'TABLES', 'TABLE_CATALOG', 1, NULL, 'YES', 'varchar', 512, 1536, NULL, NULL, 'utf8', 'utf8_general_ci', 'varchar(512)', '', '', 'select', ''),
(NULL, 'information_schema', 'TABLES', 'TABLE_SCHEMA', 2, '', 'NO', 'varchar', 64, 192, NULL, NULL, 'utf8', 'utf8_general_ci', 'varchar(64)', '', '', 'select', ''),
(NULL, 'information_schema', 'TABLES', 'TABLE_NAME', 3, '', 'NO', 'varchar', 64, 192, NULL, NULL, 'utf8', 'utf8_general_ci', 'varchar(64)', '', '', 'select', ''),
(NULL, 'information_schema', 'TABLES', 'TABLE_TYPE', 4, '', 'NO', 'varchar', 64, 192, NULL, NULL, 'utf8', 'utf8_general_ci', 'varchar(64)', '', '', 'select', ''),
(NULL, 'information_schema', 'TABLES', 'ENGINE', 5, NULL, 'YES', 'varchar', 64, 192, NULL, NULL, 'utf8', 'utf8_general_ci', 'varchar(64)', '', '', 'select', ''),
(NULL, 'information_schema', 'TABLES', 'VERSION', 6, NULL, 'YES', 'bigint', NULL, NULL, 19, 0, NULL, NULL, 'bigint(21)', '', '', 'select', ''),
(NULL, 'information_schema', 'TABLES', 'ROW_FORMAT', 7, NULL, 'YES', 'varchar', 10, 30, NULL, NULL, 'utf8', 'utf8_general_ci', 'varchar(10)', '', '', 'select', ''),
(NULL, 'information_schema', 'TABLES', 'TABLE_ROWS', 8, NULL, 'YES', 'bigint', NULL, NULL, 19, 0, NULL, NULL, 'bigint(21)', '', '', 'select', ''),
(NULL, 'information_schema', 'TABLES', 'AVG_ROW_LENGTH', 9, NULL, 'YES', 'bigint', NULL, NULL, 19, 0, NULL, NULL, 'bigint(21)', '', '', 'select', ''),
(NULL, 'information_schema', 'TABLES', 'DATA_LENGTH', 10, NULL, 'YES', 'bigint', NULL, NULL, 19, 0, NULL, NULL, 'bigint(21)', '', '', 'select', ''),
(NULL, 'information_schema', 'TABLES', 'MAX_DATA_LENGTH', 11, NULL, 'YES', 'bigint', NULL, NULL, 19, 0, NULL, NULL, 'bigint(21)', '', '', 'select', ''),
(NULL, 'information_schema', 'TABLES', 'INDEX_LENGTH', 12, NULL, 'YES', 'bigint', NULL, NULL, 19, 0, NULL, NULL, 'bigint(21)', '', '', 'select', ''),
(NULL, 'information_schema', 'TABLES', 'DATA_FREE', 13, NULL, 'YES', 'bigint', NULL, NULL, 19, 0, NULL, NULL, 'bigint(21)', '', '', 'select', ''),
(NULL, 'information_schema', 'TABLES', 'AUTO_INCREMENT', 14, NULL, 'YES', 'bigint', NULL, NULL, 19, 0, NULL, NULL, 'bigint(21)', '', '', 'select', ''),
(NULL, 'information_schema', 'TABLES', 'CREATE_TIME', 15, NULL, 'YES', 'datetime', NULL, NULL, NULL, NULL, NULL, NULL, 'datetime', '', '', 'select', ''),
(NULL, 'information_schema', 'TABLES', 'UPDATE_TIME', 16, NULL, 'YES', 'datetime', NULL, NULL, NULL, NULL, NULL, NULL, 'datetime', '', '', 'select', ''),
(NULL, 'information_schema', 'TABLES', 'CHECK_TIME', 17, NULL, 'YES', 'datetime', NULL, NULL, NULL, NULL, NULL, NULL, 'datetime', '', '', 'select', ''),
(NULL, 'information_schema', 'TABLES', 'TABLE_COLLATION', 18, NULL, 'YES', 'varchar', 64, 192, NULL, NULL, 'utf8', 'utf8_general_ci', 'varchar(64)', '', '', 'select', ''),
(NULL, 'information_schema', 'TABLES', 'CHECKSUM', 19, NULL, 'YES', 'bigint', NULL, NULL, 19, 0, NULL, NULL, 'bigint(21)', '', '', 'select', ''),
(NULL, 'information_schema', 'TABLES', 'CREATE_OPTIONS', 20, NULL, 'YES', 'varchar', 255, 765, NULL, NULL, 'utf8', 'utf8_general_ci', 'varchar(255)', '', '', 'select', ''),
(NULL, 'information_schema', 'TABLES', 'TABLE_COMMENT', 21, '', 'NO', 'varchar', 80, 240, NULL, NULL, 'utf8', 'utf8_general_ci', 'varchar(80)', '', '', 'select', ''),
(NULL, 'information_schema', 'TABLE_CONSTRAINTS', 'CONSTRAINT_CATALOG', 1, NULL, 'YES', 'varchar', 512, 1536, NULL, NULL, 'utf8', 'utf8_general_ci', 'varchar(512)', '', '', 'select', ''),
(NULL, 'information_schema', 'TABLE_CONSTRAINTS', 'CONSTRAINT_SCHEMA', 2, '', 'NO', 'varchar', 64, 192, NULL, NULL, 'utf8', 'utf8_general_ci', 'varchar(64)', '', '', 'select', ''),
(NULL, 'information_schema', 'TABLE_CONSTRAINTS', 'CONSTRAINT_NAME', 3, '', 'NO', 'varchar', 64, 192, NULL, NULL, 'utf8', 'utf8_general_ci', 'varchar(64)', '', '', 'select', ''),
(NULL, 'information_schema', 'TABLE_CONSTRAINTS', 'TABLE_SCHEMA', 4, '', 'NO', 'varchar', 64, 192, NULL, NULL, 'utf8', 'utf8_general_ci', 'varchar(64)', '', '', 'select', ''),
(NULL, 'information_schema', 'TABLE_CONSTRAINTS', 'TABLE_NAME', 5, '', 'NO', 'varchar', 64, 192, NULL, NULL, 'utf8', 'utf8_general_ci', 'varchar(64)', '', '', 'select', ''),
(NULL, 'information_schema', 'TABLE_CONSTRAINTS', 'CONSTRAINT_TYPE', 6, '', 'NO', 'varchar', 64, 192, NULL, NULL, 'utf8', 'utf8_general_ci', 'varchar(64)', '', '', 'select', ''),
(NULL, 'information_schema', 'TABLE_PRIVILEGES', 'GRANTEE', 1, '', 'NO', 'varchar', 81, 243, NULL, NULL, 'utf8', 'utf8_general_ci', 'varchar(81)', '', '', 'select', ''),
(NULL, 'information_schema', 'TABLE_PRIVILEGES', 'TABLE_CATALOG', 2, NULL, 'YES', 'varchar', 512, 1536, NULL, NULL, 'utf8', 'utf8_general_ci', 'varchar(512)', '', '', 'select', ''),
(NULL, 'information_schema', 'TABLE_PRIVILEGES', 'TABLE_SCHEMA', 3, '', 'NO', 'varchar', 64, 192, NULL, NULL, 'utf8', 'utf8_general_ci', 'varchar(64)', '', '', 'select', ''),
(NULL, 'information_schema', 'TABLE_PRIVILEGES', 'TABLE_NAME', 4, '', 'NO', 'varchar', 64, 192, NULL, NULL, 'utf8', 'utf8_general_ci', 'varchar(64)', '', '', 'select', ''),
(NULL, 'information_schema', 'TABLE_PRIVILEGES', 'PRIVILEGE_TYPE', 5, '', 'NO', 'varchar', 64, 192, NULL, NULL, 'utf8', 'utf8_general_ci', 'varchar(64)', '', '', 'select', ''),
(NULL, 'information_schema', 'TABLE_PRIVILEGES', 'IS_GRANTABLE', 6, '', 'NO', 'varchar', 3, 9, NULL, NULL, 'utf8', 'utf8_general_ci', 'varchar(3)', '', '', 'select', ''),
(NULL, 'information_schema', 'TRIGGERS', 'TRIGGER_CATALOG', 1, NULL, 'YES', 'varchar', 512, 1536, NULL, NULL, 'utf8', 'utf8_general_ci', 'varchar(512)', '', '', 'select', ''),
(NULL, 'information_schema', 'TRIGGERS', 'TRIGGER_SCHEMA', 2, '', 'NO', 'varchar', 64, 192, NULL, NULL, 'utf8', 'utf8_general_ci', 'varchar(64)', '', '', 'select', ''),
(NULL, 'information_schema', 'TRIGGERS', 'TRIGGER_NAME', 3, '', 'NO', 'varchar', 64, 192, NULL, NULL, 'utf8', 'utf8_general_ci', 'varchar(64)', '', '', 'select', ''),
(NULL, 'information_schema', 'TRIGGERS', 'EVENT_MANIPULATION', 4, '', 'NO', 'varchar', 6, 18, NULL, NULL, 'utf8', 'utf8_general_ci', 'varchar(6)', '', '', 'select', ''),
(NULL, 'information_schema', 'TRIGGERS', 'EVENT_OBJECT_CATALOG', 5, NULL, 'YES', 'varchar', 512, 1536, NULL, NULL, 'utf8', 'utf8_general_ci', 'varchar(512)', '', '', 'select', ''),
(NULL, 'information_schema', 'TRIGGERS', 'EVENT_OBJECT_SCHEMA', 6, '', 'NO', 'varchar', 64, 192, NULL, NULL, 'utf8', 'utf8_general_ci', 'varchar(64)', '', '', 'select', ''),
(NULL, 'information_schema', 'TRIGGERS', 'EVENT_OBJECT_TABLE', 7, '', 'NO', 'varchar', 64, 192, NULL, NULL, 'utf8', 'utf8_general_ci', 'varchar(64)', '', '', 'select', ''),
(NULL, 'information_schema', 'TRIGGERS', 'ACTION_ORDER', 8, '0', 'NO', 'bigint', NULL, NULL, 19, 0, NULL, NULL, 'bigint(4)', '', '', 'select', ''),
(NULL, 'information_schema', 'TRIGGERS', 'ACTION_CONDITION', 9, NULL, 'YES', 'longtext', 4294967295, 4294967295, NULL, NULL, 'utf8', 'utf8_general_ci', 'longtext', '', '', 'select', ''),
(NULL, 'information_schema', 'TRIGGERS', 'ACTION_STATEMENT', 10, NULL, 'NO', 'longtext', 4294967295, 4294967295, NULL, NULL, 'utf8', 'utf8_general_ci', 'longtext', '', '', 'select', ''),
(NULL, 'information_schema', 'TRIGGERS', 'ACTION_ORIENTATION', 11, '', 'NO', 'varchar', 9, 27, NULL, NULL, 'utf8', 'utf8_general_ci', 'varchar(9)', '', '', 'select', ''),
(NULL, 'information_schema', 'TRIGGERS', 'ACTION_TIMING', 12, '', 'NO', 'varchar', 6, 18, NULL, NULL, 'utf8', 'utf8_general_ci', 'varchar(6)', '', '', 'select', ''),
(NULL, 'information_schema', 'TRIGGERS', 'ACTION_REFERENCE_OLD_TABLE', 13, NULL, 'YES', 'varchar', 64, 192, NULL, NULL, 'utf8', 'utf8_general_ci', 'varchar(64)', '', '', 'select', ''),
(NULL, 'information_schema', 'TRIGGERS', 'ACTION_REFERENCE_NEW_TABLE', 14, NULL, 'YES', 'varchar', 64, 192, NULL, NULL, 'utf8', 'utf8_general_ci', 'varchar(64)', '', '', 'select', ''),
(NULL, 'information_schema', 'TRIGGERS', 'ACTION_REFERENCE_OLD_ROW', 15, '', 'NO', 'varchar', 3, 9, NULL, NULL, 'utf8', 'utf8_general_ci', 'varchar(3)', '', '', 'select', ''),
(NULL, 'information_schema', 'TRIGGERS', 'ACTION_REFERENCE_NEW_ROW', 16, '', 'NO', 'varchar', 3, 9, NULL, NULL, 'utf8', 'utf8_general_ci', 'varchar(3)', '', '', 'select', ''),
(NULL, 'information_schema', 'TRIGGERS', 'CREATED', 17, NULL, 'YES', 'datetime', NULL, NULL, NULL, NULL, NULL, NULL, 'datetime', '', '', 'select', ''),
(NULL, 'information_schema', 'TRIGGERS', 'SQL_MODE', 18, NULL, 'NO', 'longtext', 4294967295, 4294967295, NULL, NULL, 'utf8', 'utf8_general_ci', 'longtext', '', '', 'select', ''),
(NULL, 'information_schema', 'TRIGGERS', 'DEFINER', 19, NULL, 'NO', 'longtext', 4294967295, 4294967295, NULL, NULL, 'utf8', 'utf8_general_ci', 'longtext', '', '', 'select', ''),
(NULL, 'information_schema', 'USER_PRIVILEGES', 'GRANTEE', 1, '', 'NO', 'varchar', 81, 243, NULL, NULL, 'utf8', 'utf8_general_ci', 'varchar(81)', '', '', 'select', ''),
(NULL, 'information_schema', 'USER_PRIVILEGES', 'TABLE_CATALOG', 2, NULL, 'YES', 'varchar', 512, 1536, NULL, NULL, 'utf8', 'utf8_general_ci', 'varchar(512)', '', '', 'select', ''),
(NULL, 'information_schema', 'USER_PRIVILEGES', 'PRIVILEGE_TYPE', 3, '', 'NO', 'varchar', 64, 192, NULL, NULL, 'utf8', 'utf8_general_ci', 'varchar(64)', '', '', 'select', ''),
(NULL, 'information_schema', 'USER_PRIVILEGES', 'IS_GRANTABLE', 4, '', 'NO', 'varchar', 3, 9, NULL, NULL, 'utf8', 'utf8_general_ci', 'varchar(3)', '', '', 'select', ''),
(NULL, 'information_schema', 'VIEWS', 'TABLE_CATALOG', 1, NULL, 'YES', 'varchar', 512, 1536, NULL, NULL, 'utf8', 'utf8_general_ci', 'varchar(512)', '', '', 'select', ''),
(NULL, 'information_schema', 'VIEWS', 'TABLE_SCHEMA', 2, '', 'NO', 'varchar', 64, 192, NULL, NULL, 'utf8', 'utf8_general_ci', 'varchar(64)', '', '', 'select', ''),
(NULL, 'information_schema', 'VIEWS', 'TABLE_NAME', 3, '', 'NO', 'varchar', 64, 192, NULL, NULL, 'utf8', 'utf8_general_ci', 'varchar(64)', '', '', 'select', ''),
(NULL, 'information_schema', 'VIEWS', 'VIEW_DEFINITION', 4, NULL, 'NO', 'longtext', 4294967295, 4294967295, NULL, NULL, 'utf8', 'utf8_general_ci', 'longtext', '', '', 'select', ''),
(NULL, 'information_schema', 'VIEWS', 'CHECK_OPTION', 5, '', 'NO', 'varchar', 8, 24, NULL, NULL, 'utf8', 'utf8_general_ci', 'varchar(8)', '', '', 'select', ''),
(NULL, 'information_schema', 'VIEWS', 'IS_UPDATABLE', 6, '', 'NO', 'varchar', 3, 9, NULL, NULL, 'utf8', 'utf8_general_ci', 'varchar(3)', '', '', 'select', ''),
(NULL, 'information_schema', 'VIEWS', 'DEFINER', 7, '', 'NO', 'varchar', 77, 231, NULL, NULL, 'utf8', 'utf8_general_ci', 'varchar(77)', '', '', 'select', ''),
(NULL, 'information_schema', 'VIEWS', 'SECURITY_TYPE', 8, '', 'NO', 'varchar', 7, 21, NULL, NULL, 'utf8', 'utf8_general_ci', 'varchar(7)', '', '', 'select', ''),
(NULL, 'eventdb', 'adr_birth', 'id', 1, NULL, 'NO', 'int', NULL, NULL, 10, 0, NULL, NULL, 'int(11)', 'PRI', 'auto_increment', 'select,insert,update,references', ''),
(NULL, 'eventdb', 'adr_birth', 'id_place', 2, NULL, 'NO', 'int', NULL, NULL, 10, 0, NULL, NULL, 'int(11)', '', '', 'select,insert,update,references', ''),
(NULL, 'eventdb', 'adr_birth', 'country', 3, NULL, 'NO', 'varchar', 255, 765, NULL, NULL, 'utf8', 'utf8_general_ci', 'varchar(255)', '', '', 'select,insert,update,references', 'Страна'),
(NULL, 'eventdb', 'adr_birth', 'region', 4, NULL, 'YES', 'varchar', 255, 765, NULL, NULL, 'utf8', 'utf8_general_ci', 'varchar(255)', '', '', 'select,insert,update,references', 'Область'),
(NULL, 'eventdb', 'adr_birth', 'address', 5, NULL, 'YES', 'varchar', 255, 765, NULL, NULL, 'utf8', 'utf8_general_ci', 'varchar(255)', '', '', 'select,insert,update,references', 'Адрес'),
(NULL, 'eventdb', 'adr_live', 'id', 1, NULL, 'NO', 'int', NULL, NULL, 10, 0, NULL, NULL, 'int(11)', 'PRI', 'auto_increment', 'select,insert,update,references', ''),
(NULL, 'eventdb', 'adr_live', 'id_place', 2, NULL, 'NO', 'int', NULL, NULL, 10, 0, NULL, NULL, 'int(11)', '', '', 'select,insert,update,references', ''),
(NULL, 'eventdb', 'adr_live', 'country', 3, NULL, 'NO', 'varchar', 255, 765, NULL, NULL, 'utf8', 'utf8_general_ci', 'varchar(255)', '', '', 'select,insert,update,references', 'Страна'),
(NULL, 'eventdb', 'adr_live', 'region', 4, NULL, 'YES', 'varchar', 255, 765, NULL, NULL, 'utf8', 'utf8_general_ci', 'varchar(255)', '', '', 'select,insert,update,references', 'Область'),
(NULL, 'eventdb', 'adr_live', 'area', 5, NULL, 'YES', 'varchar', 255, 765, NULL, NULL, 'utf8', 'utf8_general_ci', 'varchar(255)', '', '', 'select,insert,update,references', 'Район'),
(NULL, 'eventdb', 'adr_live', 'locality', 6, NULL, 'YES', 'varchar', 255, 765, NULL, NULL, 'utf8', 'utf8_general_ci', 'varchar(255)', '', '', 'select,insert,update,references', 'Населенный пункт'),
(NULL, 'eventdb', 'adr_live', 'street', 7, NULL, 'YES', 'varchar', 255, 765, NULL, NULL, 'utf8', 'utf8_general_ci', 'varchar(255)', '', '', 'select,insert,update,references', 'Улица'),
(NULL, 'eventdb', 'adr_live', 'house', 8, NULL, 'YES', 'varchar', 255, 765, NULL, NULL, 'utf8', 'utf8_general_ci', 'varchar(255)', '', '', 'select,insert,update,references', 'Дом'),
(NULL, 'eventdb', 'adr_live', 'frame', 9, NULL, 'YES', 'varchar', 255, 765, NULL, NULL, 'utf8', 'utf8_general_ci', 'varchar(255)', '', '', 'select,insert,update,references', 'Корпус'),
(NULL, 'eventdb', 'adr_live', 'apartment', 10, NULL, 'YES', 'varchar', 255, 765, NULL, NULL, 'utf8', 'utf8_general_ci', 'varchar(255)', '', '', 'select,insert,update,references', 'Квартира'),
(NULL, 'eventdb', 'adr_other', 'id', 1, NULL, 'NO', 'int', NULL, NULL, 10, 0, NULL, NULL, 'int(11)', 'PRI', 'auto_increment', 'select,insert,update,references', ''),
(NULL, 'eventdb', 'adr_other', 'id_place', 2, NULL, 'NO', 'int', NULL, NULL, 10, 0, NULL, NULL, 'int(11)', '', '', 'select,insert,update,references', ''),
(NULL, 'eventdb', 'adr_other', 'desc', 3, NULL, 'NO', 'varchar', 255, 765, NULL, NULL, 'utf8', 'utf8_general_ci', 'varchar(255)', '', '', 'select,insert,update,references', 'Описание'),
(NULL, 'eventdb', 'adr_other', 'country', 4, NULL, 'NO', 'varchar', 255, 765, NULL, NULL, 'utf8', 'utf8_general_ci', 'varchar(255)', '', '', 'select,insert,update,references', 'Страна'),
(NULL, 'eventdb', 'adr_other', 'region', 5, NULL, 'YES', 'varchar', 255, 765, NULL, NULL, 'utf8', 'utf8_general_ci', 'varchar(255)', '', '', 'select,insert,update,references', 'Область'),
(NULL, 'eventdb', 'adr_other', 'area', 6, NULL, 'YES', 'varchar', 255, 765, NULL, NULL, 'utf8', 'utf8_general_ci', 'varchar(255)', '', '', 'select,insert,update,references', 'Район'),
(NULL, 'eventdb', 'adr_other', 'locality', 7, NULL, 'YES', 'varchar', 255, 765, NULL, NULL, 'utf8', 'utf8_general_ci', 'varchar(255)', '', '', 'select,insert,update,references', 'Населенный пункт'),
(NULL, 'eventdb', 'adr_other', 'street', 8, NULL, 'YES', 'varchar', 255, 765, NULL, NULL, 'utf8', 'utf8_general_ci', 'varchar(255)', '', '', 'select,insert,update,references', 'Улица'),
(NULL, 'eventdb', 'adr_other', 'house', 9, NULL, 'YES', 'varchar', 255, 765, NULL, NULL, 'utf8', 'utf8_general_ci', 'varchar(255)', '', '', 'select,insert,update,references', 'Дом'),
(NULL, 'eventdb', 'adr_other', 'frame', 10, NULL, 'YES', 'varchar', 255, 765, NULL, NULL, 'utf8', 'utf8_general_ci', 'varchar(255)', '', '', 'select,insert,update,references', 'Корпус'),
(NULL, 'eventdb', 'adr_other', 'apartment', 11, NULL, 'YES', 'varchar', 255, 765, NULL, NULL, 'utf8', 'utf8_general_ci', 'varchar(255)', '', '', 'select,insert,update,references', 'Квартира'),
(NULL, 'eventdb', 'adr_work', 'id', 1, NULL, 'NO', 'int', NULL, NULL, 10, 0, NULL, NULL, 'int(11)', 'PRI', 'auto_increment', 'select,insert,update,references', ''),
(NULL, 'eventdb', 'adr_work', 'id_place', 2, NULL, 'NO', 'int', NULL, NULL, 10, 0, NULL, NULL, 'int(11)', '', '', 'select,insert,update,references', ''),
(NULL, 'eventdb', 'adr_work', 'entity', 3, NULL, 'YES', 'varchar', 255, 765, NULL, NULL, 'utf8', 'utf8_general_ci', 'varchar(255)', '', '', 'select,insert,update,references', 'Юридическое лицо'),
(NULL, 'eventdb', 'adr_work', 'division', 4, NULL, 'YES', 'varchar', 255, 765, NULL, NULL, 'utf8', 'utf8_general_ci', 'varchar(255)', '', '', 'select,insert,update,references', 'Дивизион'),
(NULL, 'eventdb', 'adr_work', 'filial', 5, NULL, 'YES', 'varchar', 255, 765, NULL, NULL, 'utf8', 'utf8_general_ci', 'varchar(255)', '', '', 'select,insert,update,references', 'Филиал'),
(NULL, 'eventdb', 'adr_work', 'repr', 6, NULL, 'YES', 'varchar', 255, 765, NULL, NULL, 'utf8', 'utf8_general_ci', 'varchar(255)', '', '', 'select,insert,update,references', 'Представительство'),
(NULL, 'eventdb', 'change_event', 'id', 1, NULL, 'NO', 'int', NULL, NULL, 10, 0, NULL, NULL, 'int(11)', 'PRI', 'auto_increment', 'select,insert,update,references', ''),
(NULL, 'eventdb', 'change_event', 'author', 2, NULL, 'NO', 'varchar', 255, 765, NULL, NULL, 'utf8', 'utf8_general_ci', 'varchar(255)', '', '', 'select,insert,update,references', ''),
(NULL, 'eventdb', 'change_event', 'id_record', 3, NULL, 'NO', 'int', NULL, NULL, 10, 0, NULL, NULL, 'int(11)', '', '', 'select,insert,update,references', ''),
(NULL, 'eventdb', 'change_event', 'time_change', 4, 'CURRENT_TIMESTAMP', 'NO', 'timestamp', NULL, NULL, NULL, NULL, NULL, NULL, 'timestamp', '', '', 'select,insert,update,references', ''),
(NULL, 'eventdb', 'change_event', 'edit_from', 5, NULL, 'NO', 'text', 65535, 65535, NULL, NULL, 'utf8', 'utf8_general_ci', 'text', '', '', 'select,insert,update,references', ''),
(NULL, 'eventdb', 'change_event', 'edit_to', 6, NULL, 'NO', 'text', 65535, 65535, NULL, NULL, 'utf8', 'utf8_general_ci', 'text', '', '', 'select,insert,update,references', ''),
(NULL, 'eventdb', 'change_person', 'id', 1, NULL, 'NO', 'int', NULL, NULL, 10, 0, NULL, NULL, 'int(11)', 'PRI', 'auto_increment', 'select,insert,update,references', ''),
(NULL, 'eventdb', 'change_person', 'author', 2, NULL, 'NO', 'varchar', 255, 255, NULL, NULL, 'cp1251', 'cp1251_general_ci', 'varchar(255)', '', '', 'select,insert,update,references', ''),
(NULL, 'eventdb', 'change_person', 'id_record', 3, NULL, 'NO', 'int', NULL, NULL, 10, 0, NULL, NULL, 'int(11)', '', '', 'select,insert,update,references', ''),
(NULL, 'eventdb', 'change_person', 'time_change', 4, 'CURRENT_TIMESTAMP', 'NO', 'timestamp', NULL, NULL, NULL, NULL, NULL, NULL, 'timestamp', '', '', 'select,insert,update,references', ''),
(NULL, 'eventdb', 'change_person', 'edit_from', 5, NULL, 'NO', 'text', 65535, 65535, NULL, NULL, 'cp1251', 'cp1251_general_ci', 'text', '', '', 'select,insert,update,references', ''),
(NULL, 'eventdb', 'change_person', 'edit_to', 6, NULL, 'NO', 'text', 65535, 65535, NULL, NULL, 'cp1251', 'cp1251_general_ci', 'text', '', '', 'select,insert,update,references', ''),
(NULL, 'eventdb', 'division', 'id_division', 1, NULL, 'NO', 'tinyint', NULL, NULL, 3, 0, NULL, NULL, 'tinyint(4)', 'PRI', 'auto_increment', 'select,insert,update,references', ''),
(NULL, 'eventdb', 'division', 'name', 2, NULL, 'NO', 'varchar', 255, 765, NULL, NULL, 'utf8', 'utf8_general_ci', 'varchar(255)', '', '', 'select,insert,update,references', ''),
(NULL, 'eventdb', 'division', 'id_entity', 3, NULL, 'NO', 'tinyint', NULL, NULL, 3, 0, NULL, NULL, 'tinyint(4)', '', '', 'select,insert,update,references', ''),
(NULL, 'eventdb', 'entity', 'id_entity', 1, NULL, 'NO', 'tinyint', NULL, NULL, 3, 0, NULL, NULL, 'tinyint(11)', 'PRI', 'auto_increment', 'select,insert,update,references', 'ID Юр.лица'),
(NULL, 'eventdb', 'entity', 'name', 2, NULL, 'NO', 'varchar', 255, 765, NULL, NULL, 'utf8', 'utf8_general_ci', 'varchar(255)', '', '', 'select,insert,update,references', 'Юридическое лицо'),
(NULL, 'eventdb', 'event', 'id', 1, NULL, 'NO', 'int', NULL, NULL, 10, 0, NULL, NULL, 'int(100)', 'PRI', 'auto_increment', 'select,insert,update,references', 'ID'),
(NULL, 'eventdb', 'event', 'date_incedent', 2, NULL, 'NO', 'datetime', NULL, NULL, NULL, NULL, NULL, NULL, 'datetime', '', '', 'select,insert,update,references', 'Дата события'),
(NULL, 'eventdb', 'event', 'author', 3, NULL, 'NO', 'varchar', 100, 100, NULL, NULL, 'cp1251', 'cp1251_general_ci', 'varchar(100)', '', '', 'select,insert,update,references', 'Автор'),
(NULL, 'eventdb', 'event', 'change_date', 4, 'CURRENT_TIMESTAMP', 'NO', 'timestamp', NULL, NULL, NULL, NULL, NULL, NULL, 'timestamp', '', '', 'select,insert,update,references', 'Дата изменения'),
(NULL, 'eventdb', 'event', 'entity', 5, '-', 'NO', 'varchar', 100, 100, NULL, NULL, 'cp1251', 'cp1251_general_ci', 'varchar(100)', '', '', 'select,insert,update,references', 'Юридическое лицо'),
(NULL, 'eventdb', 'event', 'division', 6, '-', 'NO', 'varchar', 100, 100, NULL, NULL, 'cp1251', 'cp1251_general_ci', 'varchar(100)', '', '', 'select,insert,update,references', 'Дивизион'),
(NULL, 'eventdb', 'event', 'filial', 7, '-', 'NO', 'varchar', 100, 100, NULL, NULL, 'cp1251', 'cp1251_general_ci', 'varchar(100)', '', '', 'select,insert,update,references', 'Филиал'),
(NULL, 'eventdb', 'event', 'repr', 8, '-', 'NO', 'varchar', 100, 100, NULL, NULL, 'cp1251', 'cp1251_general_ci', 'varchar(100)', '', '', 'select,insert,update,references', 'Представительство'),
(NULL, 'eventdb', 'event', 'desc', 9, NULL, 'NO', 'text', 65535, 65535, NULL, NULL, 'cp1251', 'cp1251_general_ci', 'text', '', '', 'select,insert,update,references', 'Описание'),
(NULL, 'eventdb', 'event', 'type', 10, NULL, 'NO', 'varchar', 100, 100, NULL, NULL, 'cp1251', 'cp1251_general_ci', 'varchar(100)', '', '', 'select,insert,update,references', 'Вид события'),
(NULL, 'eventdb', 'event', 'way', 11, NULL, 'NO', 'varchar', 100, 100, NULL, NULL, 'cp1251', 'cp1251_general_ci', 'varchar(100)', '', '', 'select,insert,update,references', 'Способ проникновения'),
(NULL, 'eventdb', 'event', 'instr', 12, NULL, 'NO', 'varchar', 100, 100, NULL, NULL, 'cp1251', 'cp1251_general_ci', 'varchar(100)', '', '', 'select,insert,update,references', 'Средство совершения'),
(NULL, 'eventdb', 'event', 'relation', 13, NULL, 'NO', 'varchar', 100, 100, NULL, NULL, 'cp1251', 'cp1251_general_ci', 'varchar(100)', '', '', 'select,insert,update,references', 'В отношении'),
(NULL, 'eventdb', 'event', 'object', 14, NULL, 'NO', 'varchar', 100, 100, NULL, NULL, 'cp1251', 'cp1251_general_ci', 'varchar(100)', '', '', 'select,insert,update,references', 'Предмет посягательства'),
(NULL, 'eventdb', 'event', 'place', 15, NULL, 'NO', 'varchar', 100, 100, NULL, NULL, 'cp1251', 'cp1251_general_ci', 'varchar(100)', '', '', 'select,insert,update,references', 'Место'),
(NULL, 'eventdb', 'file_event', 'id', 1, NULL, 'NO', 'int', NULL, NULL, 10, 0, NULL, NULL, 'int(11)', 'PRI', 'auto_increment', 'select,insert,update,references', ''),
(NULL, 'eventdb', 'file_event', 'id_event', 2, NULL, 'NO', 'int', NULL, NULL, 10, 0, NULL, NULL, 'int(11)', '', '', 'select,insert,update,references', ''),
(NULL, 'eventdb', 'file_event', 'file', 3, NULL, 'NO', 'varchar', 500, 1500, NULL, NULL, 'utf8', 'utf8_general_ci', 'varchar(500)', '', '', 'select,insert,update,references', ''),
(NULL, 'eventdb', 'file_event', 'name', 4, NULL, 'NO', 'varchar', 255, 765, NULL, NULL, 'utf8', 'utf8_general_ci', 'varchar(255)', '', '', 'select,insert,update,references', ''),
(NULL, 'eventdb', 'file_person', 'id', 1, NULL, 'NO', 'int', NULL, NULL, 10, 0, NULL, NULL, 'int(11)', 'PRI', 'auto_increment', 'select,insert,update,references', ''),
(NULL, 'eventdb', 'file_person', 'id_person', 2, NULL, 'NO', 'int', NULL, NULL, 10, 0, NULL, NULL, 'int(11)', '', '', 'select,insert,update,references', ''),
(NULL, 'eventdb', 'file_person', 'file', 3, NULL, 'NO', 'varchar', 500, 1500, NULL, NULL, 'utf8', 'utf8_general_ci', 'varchar(500)', '', '', 'select,insert,update,references', ''),
(NULL, 'eventdb', 'file_person', 'name', 4, NULL, 'NO', 'varchar', 255, 765, NULL, NULL, 'utf8', 'utf8_general_ci', 'varchar(255)', '', '', 'select,insert,update,references', ''),
(NULL, 'eventdb', 'filial', 'id_filial', 1, NULL, 'NO', 'tinyint', NULL, NULL, 3, 0, NULL, NULL, 'tinyint(4)', 'PRI', 'auto_increment', 'select,insert,update,references', ''),
(NULL, 'eventdb', 'filial', 'name', 2, NULL, 'NO', 'varchar', 255, 765, NULL, NULL, 'utf8', 'utf8_general_ci', 'varchar(255)', '', '', 'select,insert,update,references', ''),
(NULL, 'eventdb', 'filial', 'id_division', 3, NULL, 'NO', 'tinyint', NULL, NULL, 3, 0, NULL, NULL, 'tinyint(4)', '', '', 'select,insert,update,references', ''),
(NULL, 'eventdb', 'img_person', 'id_person', 1, NULL, 'NO', 'int', NULL, NULL, 10, 0, NULL, NULL, 'int(11)', 'PRI', '', 'select,insert,update,references', ''),
(NULL, 'eventdb', 'img_person', 'file', 2, NULL, 'NO', 'varchar', 255, 765, NULL, NULL, 'utf8', 'utf8_general_ci', 'varchar(255)', '', '', 'select,insert,update,references', ''),
(NULL, 'eventdb', 'information', 'id', 1, NULL, 'NO', 'int', NULL, NULL, 10, 0, NULL, NULL, 'int(11)', 'PRI', 'auto_increment', 'select,insert,update,references', ''),
(NULL, 'eventdb', 'information', 'author_id', 2, NULL, 'NO', 'int', NULL, NULL, 10, 0, NULL, NULL, 'int(11)', '', '', 'select,insert,update,references', ''),
(NULL, 'eventdb', 'information', 'author', 3, NULL, 'NO', 'varchar', 255, 765, NULL, NULL, 'utf8', 'utf8_general_ci', 'varchar(255)', '', '', 'select,insert,update,references', ''),
(NULL, 'eventdb', 'information', 'short_desc', 4, NULL, 'NO', 'varchar', 30, 90, NULL, NULL, 'utf8', 'utf8_general_ci', 'varchar(30)', '', '', 'select,insert,update,references', ''),
(NULL, 'eventdb', 'information', 'desc', 5, NULL, 'NO', 'text', 65535, 65535, NULL, NULL, 'utf8', 'utf8_general_ci', 'text', '', '', 'select,insert,update,references', ''),
(NULL, 'eventdb', 'information', 'add_at', 6, 'CURRENT_TIMESTAMP', 'NO', 'timestamp', NULL, NULL, NULL, NULL, NULL, NULL, 'timestamp', '', '', 'select,insert,update,references', ''),
(NULL, 'eventdb', 'information', 'checked', 7, '0', 'NO', 'tinyint', NULL, NULL, 3, 0, NULL, NULL, 'tinyint(1)', '', '', 'select,insert,update,references', ''),
(NULL, 'eventdb', 'information', 'correct', 8, '0', 'NO', 'tinyint', NULL, NULL, 3, 0, NULL, NULL, 'tinyint(1)', '', '', 'select,insert,update,references', ''),
(NULL, 'eventdb', 'logging', 'id', 1, NULL, 'NO', 'int', NULL, NULL, 10, 0, NULL, NULL, 'int(11)', 'PRI', 'auto_increment', 'select,insert,update,references', ''),
(NULL, 'eventdb', 'logging', 'author', 2, NULL, 'NO', 'varchar', 255, 765, NULL, NULL, 'utf8', 'utf8_general_ci', 'varchar(255)', '', '', 'select,insert,update,references', ''),
(NULL, 'eventdb', 'logging', 'type', 3, NULL, 'NO', 'varchar', 255, 765, NULL, NULL, 'utf8', 'utf8_general_ci', 'varchar(255)', '', '', 'select,insert,update,references', ''),
(NULL, 'eventdb', 'logging', 'log_event', 4, NULL, 'NO', 'varchar', 255, 765, NULL, NULL, 'utf8', 'utf8_general_ci', 'varchar(255)', '', '', 'select,insert,update,references', ''),
(NULL, 'eventdb', 'logging', 'log_time', 5, 'CURRENT_TIMESTAMP', 'NO', 'timestamp', NULL, NULL, NULL, NULL, NULL, NULL, 'timestamp', '', '', 'select,insert,update,references', ''),
(NULL, 'eventdb', 'logging_user', 'id', 1, NULL, 'NO', 'int', NULL, NULL, 10, 0, NULL, NULL, 'int(11)', 'PRI', 'auto_increment', 'select,insert,update,references', ''),
(NULL, 'eventdb', 'logging_user', 'author', 2, NULL, 'NO', 'varchar', 255, 765, NULL, NULL, 'utf8', 'utf8_general_ci', 'varchar(255)', '', '', 'select,insert,update,references', ''),
(NULL, 'eventdb', 'logging_user', 'type', 3, NULL, 'NO', 'varchar', 255, 765, NULL, NULL, 'utf8', 'utf8_general_ci', 'varchar(255)', '', '', 'select,insert,update,references', ''),
(NULL, 'eventdb', 'logging_user', 'datetime', 4, 'CURRENT_TIMESTAMP', 'NO', 'timestamp', NULL, NULL, NULL, NULL, NULL, NULL, 'timestamp', '', '', 'select,insert,update,references', ''),
(NULL, 'eventdb', 'person', 'id', 1, NULL, 'NO', 'int', NULL, NULL, 10, 0, NULL, NULL, 'int(11)', 'PRI', 'auto_increment', 'select,insert,update,references', ''),
(NULL, 'eventdb', 'person', 'add_at', 2, 'CURRENT_TIMESTAMP', 'NO', 'timestamp', NULL, NULL, NULL, NULL, NULL, NULL, 'timestamp', '', '', 'select,insert,update,references', 'Добавлено:'),
(NULL, 'eventdb', 'person', 'fio', 3, NULL, 'NO', 'varchar', 255, 765, NULL, NULL, 'utf8', 'utf8_general_ci', 'varchar(255)', '', '', 'select,insert,update,references', ''),
(NULL, 'eventdb', 'person', 'last_name', 4, NULL, 'NO', 'varchar', 255, 765, NULL, NULL, 'utf8', 'utf8_general_ci', 'varchar(255)', '', '', 'select,insert,update,references', ''),
(NULL, 'eventdb', 'person', 'first_name', 5, NULL, 'NO', 'varchar', 255, 765, NULL, NULL, 'utf8', 'utf8_general_ci', 'varchar(255)', '', '', 'select,insert,update,references', ''),
(NULL, 'eventdb', 'person', 'second_name', 6, NULL, 'NO', 'varchar', 255, 765, NULL, NULL, 'utf8', 'utf8_general_ci', 'varchar(255)', '', '', 'select,insert,update,references', ''),
(NULL, 'eventdb', 'person', 'desc', 7, NULL, 'NO', 'text', 65535, 65535, NULL, NULL, 'utf8', 'utf8_general_ci', 'text', '', '', 'select,insert,update,references', ''),
(NULL, 'eventdb', 'person', 'sex', 8, NULL, 'NO', 'varchar', 1, 3, NULL, NULL, 'utf8', 'utf8_general_ci', 'varchar(1)', '', '', 'select,insert,update,references', ''),
(NULL, 'eventdb', 'person', 'birthday', 9, NULL, 'NO', 'date', NULL, NULL, NULL, NULL, NULL, NULL, 'date', '', '', 'select,insert,update,references', ''),
(NULL, 'eventdb', 'person', 'id_related', 10, NULL, 'YES', 'int', NULL, NULL, 10, 0, NULL, NULL, 'int(11)', '', '', 'select,insert,update,references', ''),
(NULL, 'eventdb', 'person', 'author', 11, NULL, 'NO', 'varchar', 255, 765, NULL, NULL, 'utf8', 'utf8_general_ci', 'varchar(255)', '', '', 'select,insert,update,references', ''),
(NULL, 'eventdb', 'relation', 'id', 1, NULL, 'NO', 'int', NULL, NULL, 10, 0, NULL, NULL, 'int(11)', 'PRI', 'auto_increment', 'select,insert,update,references', ''),
(NULL, 'eventdb', 'relation', 'id_event', 2, NULL, 'NO', 'int', NULL, NULL, 10, 0, NULL, NULL, 'int(11)', '', '', 'select,insert,update,references', ''),
(NULL, 'eventdb', 'relation', 'role', 3, NULL, 'NO', 'varchar', 255, 765, NULL, NULL, 'utf8', 'utf8_general_ci', 'varchar(255)', '', '', 'select,insert,update,references', ''),
(NULL, 'eventdb', 'relation', 'role_desc', 4, NULL, 'YES', 'varchar', 255, 765, NULL, NULL, 'utf8', 'utf8_general_ci', 'varchar(255)', '', '', 'select,insert,update,references', ''),
(NULL, 'eventdb', 'relation', 'id_person', 5, NULL, 'NO', 'int', NULL, NULL, 10, 0, NULL, NULL, 'int(11)', '', '', 'select,insert,update,references', ''),
(NULL, 'eventdb', 'represent', 'id_rep', 1, NULL, 'NO', 'tinyint', NULL, NULL, 3, 0, NULL, NULL, 'tinyint(4)', 'PRI', '', 'select,insert,update,references', ''),
(NULL, 'eventdb', 'represent', 'name', 2, NULL, 'NO', 'varchar', 255, 765, NULL, NULL, 'utf8', 'utf8_general_ci', 'varchar(255)', '', '', 'select,insert,update,references', ''),
(NULL, 'eventdb', 'represent', 'id_filial', 3, NULL, 'NO', 'tinyint', NULL, NULL, 3, 0, NULL, NULL, 'tinyint(4)', '', '', 'select,insert,update,references', '');
INSERT INTO `COLUMNS` (`TABLE_CATALOG`, `TABLE_SCHEMA`, `TABLE_NAME`, `COLUMN_NAME`, `ORDINAL_POSITION`, `COLUMN_DEFAULT`, `IS_NULLABLE`, `DATA_TYPE`, `CHARACTER_MAXIMUM_LENGTH`, `CHARACTER_OCTET_LENGTH`, `NUMERIC_PRECISION`, `NUMERIC_SCALE`, `CHARACTER_SET_NAME`, `COLLATION_NAME`, `COLUMN_TYPE`, `COLUMN_KEY`, `EXTRA`, `PRIVILEGES`, `COLUMN_COMMENT`) VALUES
(NULL, 'eventdb', 'users', 'id', 1, NULL, 'NO', 'int', NULL, NULL, 10, 0, NULL, NULL, 'int(11)', 'PRI', 'auto_increment', 'select,insert,update,references', ''),
(NULL, 'eventdb', 'users', 'admin', 2, NULL, 'NO', 'tinyint', NULL, NULL, 3, 0, NULL, NULL, 'tinyint(4)', '', '', 'select,insert,update,references', ''),
(NULL, 'eventdb', 'users', 'username', 3, NULL, 'NO', 'varchar', 255, 765, NULL, NULL, 'utf8', 'utf8_general_ci', 'varchar(255)', '', '', 'select,insert,update,references', ''),
(NULL, 'eventdb', 'users', 'fio', 4, NULL, 'NO', 'varchar', 255, 765, NULL, NULL, 'utf8', 'utf8_general_ci', 'varchar(255)', '', '', 'select,insert,update,references', ''),
(NULL, 'eventdb', 'users', 'email', 5, NULL, 'NO', 'varchar', 255, 765, NULL, NULL, 'utf8', 'utf8_general_ci', 'varchar(255)', 'UNI', '', 'select,insert,update,references', ''),
(NULL, 'eventdb', 'users', 'password', 6, NULL, 'NO', 'varchar', 100, 100, NULL, NULL, 'cp1251', 'cp1251_general_ci', 'varchar(100)', '', '', 'select,insert,update,references', ''),
(NULL, 'eventdb', 'users', 'created', 7, 'CURRENT_TIMESTAMP', 'NO', 'timestamp', NULL, NULL, NULL, NULL, NULL, NULL, 'timestamp', '', '', 'select,insert,update,references', ''),
(NULL, 'mysql', 'columns_priv', 'Host', 1, '', 'NO', 'char', 60, 180, NULL, NULL, 'utf8', 'utf8_bin', 'char(60)', 'PRI', '', 'select,insert,update,references', ''),
(NULL, 'mysql', 'columns_priv', 'Db', 2, '', 'NO', 'char', 64, 192, NULL, NULL, 'utf8', 'utf8_bin', 'char(64)', 'PRI', '', 'select,insert,update,references', ''),
(NULL, 'mysql', 'columns_priv', 'User', 3, '', 'NO', 'char', 16, 48, NULL, NULL, 'utf8', 'utf8_bin', 'char(16)', 'PRI', '', 'select,insert,update,references', ''),
(NULL, 'mysql', 'columns_priv', 'Table_name', 4, '', 'NO', 'char', 64, 192, NULL, NULL, 'utf8', 'utf8_bin', 'char(64)', 'PRI', '', 'select,insert,update,references', ''),
(NULL, 'mysql', 'columns_priv', 'Column_name', 5, '', 'NO', 'char', 64, 192, NULL, NULL, 'utf8', 'utf8_bin', 'char(64)', 'PRI', '', 'select,insert,update,references', ''),
(NULL, 'mysql', 'columns_priv', 'Timestamp', 6, 'CURRENT_TIMESTAMP', 'NO', 'timestamp', NULL, NULL, NULL, NULL, NULL, NULL, 'timestamp', '', '', 'select,insert,update,references', ''),
(NULL, 'mysql', 'columns_priv', 'Column_priv', 7, '', 'NO', 'set', 31, 93, NULL, NULL, 'utf8', 'utf8_general_ci', 'set(''Select'',''Insert'',''Update'',''References'')', '', '', 'select,insert,update,references', ''),
(NULL, 'mysql', 'db', 'Host', 1, '', 'NO', 'char', 60, 180, NULL, NULL, 'utf8', 'utf8_bin', 'char(60)', 'PRI', '', 'select,insert,update,references', ''),
(NULL, 'mysql', 'db', 'Db', 2, '', 'NO', 'char', 64, 192, NULL, NULL, 'utf8', 'utf8_bin', 'char(64)', 'PRI', '', 'select,insert,update,references', ''),
(NULL, 'mysql', 'db', 'User', 3, '', 'NO', 'char', 16, 48, NULL, NULL, 'utf8', 'utf8_bin', 'char(16)', 'PRI', '', 'select,insert,update,references', ''),
(NULL, 'mysql', 'db', 'Select_priv', 4, 'N', 'NO', 'enum', 1, 3, NULL, NULL, 'utf8', 'utf8_general_ci', 'enum(''N'',''Y'')', '', '', 'select,insert,update,references', ''),
(NULL, 'mysql', 'db', 'Insert_priv', 5, 'N', 'NO', 'enum', 1, 3, NULL, NULL, 'utf8', 'utf8_general_ci', 'enum(''N'',''Y'')', '', '', 'select,insert,update,references', ''),
(NULL, 'mysql', 'db', 'Update_priv', 6, 'N', 'NO', 'enum', 1, 3, NULL, NULL, 'utf8', 'utf8_general_ci', 'enum(''N'',''Y'')', '', '', 'select,insert,update,references', ''),
(NULL, 'mysql', 'db', 'Delete_priv', 7, 'N', 'NO', 'enum', 1, 3, NULL, NULL, 'utf8', 'utf8_general_ci', 'enum(''N'',''Y'')', '', '', 'select,insert,update,references', ''),
(NULL, 'mysql', 'db', 'Create_priv', 8, 'N', 'NO', 'enum', 1, 3, NULL, NULL, 'utf8', 'utf8_general_ci', 'enum(''N'',''Y'')', '', '', 'select,insert,update,references', ''),
(NULL, 'mysql', 'db', 'Drop_priv', 9, 'N', 'NO', 'enum', 1, 3, NULL, NULL, 'utf8', 'utf8_general_ci', 'enum(''N'',''Y'')', '', '', 'select,insert,update,references', ''),
(NULL, 'mysql', 'db', 'Grant_priv', 10, 'N', 'NO', 'enum', 1, 3, NULL, NULL, 'utf8', 'utf8_general_ci', 'enum(''N'',''Y'')', '', '', 'select,insert,update,references', ''),
(NULL, 'mysql', 'db', 'References_priv', 11, 'N', 'NO', 'enum', 1, 3, NULL, NULL, 'utf8', 'utf8_general_ci', 'enum(''N'',''Y'')', '', '', 'select,insert,update,references', ''),
(NULL, 'mysql', 'db', 'Index_priv', 12, 'N', 'NO', 'enum', 1, 3, NULL, NULL, 'utf8', 'utf8_general_ci', 'enum(''N'',''Y'')', '', '', 'select,insert,update,references', ''),
(NULL, 'mysql', 'db', 'Alter_priv', 13, 'N', 'NO', 'enum', 1, 3, NULL, NULL, 'utf8', 'utf8_general_ci', 'enum(''N'',''Y'')', '', '', 'select,insert,update,references', ''),
(NULL, 'mysql', 'db', 'Create_tmp_table_priv', 14, 'N', 'NO', 'enum', 1, 3, NULL, NULL, 'utf8', 'utf8_general_ci', 'enum(''N'',''Y'')', '', '', 'select,insert,update,references', ''),
(NULL, 'mysql', 'db', 'Lock_tables_priv', 15, 'N', 'NO', 'enum', 1, 3, NULL, NULL, 'utf8', 'utf8_general_ci', 'enum(''N'',''Y'')', '', '', 'select,insert,update,references', ''),
(NULL, 'mysql', 'db', 'Create_view_priv', 16, 'N', 'NO', 'enum', 1, 3, NULL, NULL, 'utf8', 'utf8_general_ci', 'enum(''N'',''Y'')', '', '', 'select,insert,update,references', ''),
(NULL, 'mysql', 'db', 'Show_view_priv', 17, 'N', 'NO', 'enum', 1, 3, NULL, NULL, 'utf8', 'utf8_general_ci', 'enum(''N'',''Y'')', '', '', 'select,insert,update,references', ''),
(NULL, 'mysql', 'db', 'Create_routine_priv', 18, 'N', 'NO', 'enum', 1, 3, NULL, NULL, 'utf8', 'utf8_general_ci', 'enum(''N'',''Y'')', '', '', 'select,insert,update,references', ''),
(NULL, 'mysql', 'db', 'Alter_routine_priv', 19, 'N', 'NO', 'enum', 1, 3, NULL, NULL, 'utf8', 'utf8_general_ci', 'enum(''N'',''Y'')', '', '', 'select,insert,update,references', ''),
(NULL, 'mysql', 'db', 'Execute_priv', 20, 'N', 'NO', 'enum', 1, 3, NULL, NULL, 'utf8', 'utf8_general_ci', 'enum(''N'',''Y'')', '', '', 'select,insert,update,references', ''),
(NULL, 'mysql', 'func', 'name', 1, '', 'NO', 'char', 64, 192, NULL, NULL, 'utf8', 'utf8_bin', 'char(64)', 'PRI', '', 'select,insert,update,references', ''),
(NULL, 'mysql', 'func', 'ret', 2, '0', 'NO', 'tinyint', NULL, NULL, 3, 0, NULL, NULL, 'tinyint(1)', '', '', 'select,insert,update,references', ''),
(NULL, 'mysql', 'func', 'dl', 3, '', 'NO', 'char', 128, 384, NULL, NULL, 'utf8', 'utf8_bin', 'char(128)', '', '', 'select,insert,update,references', ''),
(NULL, 'mysql', 'func', 'type', 4, NULL, 'NO', 'enum', 9, 27, NULL, NULL, 'utf8', 'utf8_general_ci', 'enum(''function'',''aggregate'')', '', '', 'select,insert,update,references', ''),
(NULL, 'mysql', 'help_category', 'help_category_id', 1, NULL, 'NO', 'smallint', NULL, NULL, 5, 0, NULL, NULL, 'smallint(5) unsigned', 'PRI', '', 'select,insert,update,references', ''),
(NULL, 'mysql', 'help_category', 'name', 2, NULL, 'NO', 'char', 64, 192, NULL, NULL, 'utf8', 'utf8_general_ci', 'char(64)', 'UNI', '', 'select,insert,update,references', ''),
(NULL, 'mysql', 'help_category', 'parent_category_id', 3, NULL, 'YES', 'smallint', NULL, NULL, 5, 0, NULL, NULL, 'smallint(5) unsigned', '', '', 'select,insert,update,references', ''),
(NULL, 'mysql', 'help_category', 'url', 4, NULL, 'NO', 'char', 128, 384, NULL, NULL, 'utf8', 'utf8_general_ci', 'char(128)', '', '', 'select,insert,update,references', ''),
(NULL, 'mysql', 'help_keyword', 'help_keyword_id', 1, NULL, 'NO', 'int', NULL, NULL, 10, 0, NULL, NULL, 'int(10) unsigned', 'PRI', '', 'select,insert,update,references', ''),
(NULL, 'mysql', 'help_keyword', 'name', 2, NULL, 'NO', 'char', 64, 192, NULL, NULL, 'utf8', 'utf8_general_ci', 'char(64)', 'UNI', '', 'select,insert,update,references', ''),
(NULL, 'mysql', 'help_relation', 'help_topic_id', 1, NULL, 'NO', 'int', NULL, NULL, 10, 0, NULL, NULL, 'int(10) unsigned', 'PRI', '', 'select,insert,update,references', ''),
(NULL, 'mysql', 'help_relation', 'help_keyword_id', 2, NULL, 'NO', 'int', NULL, NULL, 10, 0, NULL, NULL, 'int(10) unsigned', 'PRI', '', 'select,insert,update,references', ''),
(NULL, 'mysql', 'help_topic', 'help_topic_id', 1, NULL, 'NO', 'int', NULL, NULL, 10, 0, NULL, NULL, 'int(10) unsigned', 'PRI', '', 'select,insert,update,references', ''),
(NULL, 'mysql', 'help_topic', 'name', 2, NULL, 'NO', 'char', 64, 192, NULL, NULL, 'utf8', 'utf8_general_ci', 'char(64)', 'UNI', '', 'select,insert,update,references', ''),
(NULL, 'mysql', 'help_topic', 'help_category_id', 3, NULL, 'NO', 'smallint', NULL, NULL, 5, 0, NULL, NULL, 'smallint(5) unsigned', '', '', 'select,insert,update,references', ''),
(NULL, 'mysql', 'help_topic', 'description', 4, NULL, 'NO', 'text', 65535, 65535, NULL, NULL, 'utf8', 'utf8_general_ci', 'text', '', '', 'select,insert,update,references', ''),
(NULL, 'mysql', 'help_topic', 'example', 5, NULL, 'NO', 'text', 65535, 65535, NULL, NULL, 'utf8', 'utf8_general_ci', 'text', '', '', 'select,insert,update,references', ''),
(NULL, 'mysql', 'help_topic', 'url', 6, NULL, 'NO', 'char', 128, 384, NULL, NULL, 'utf8', 'utf8_general_ci', 'char(128)', '', '', 'select,insert,update,references', ''),
(NULL, 'mysql', 'host', 'Host', 1, '', 'NO', 'char', 60, 180, NULL, NULL, 'utf8', 'utf8_bin', 'char(60)', 'PRI', '', 'select,insert,update,references', ''),
(NULL, 'mysql', 'host', 'Db', 2, '', 'NO', 'char', 64, 192, NULL, NULL, 'utf8', 'utf8_bin', 'char(64)', 'PRI', '', 'select,insert,update,references', ''),
(NULL, 'mysql', 'host', 'Select_priv', 3, 'N', 'NO', 'enum', 1, 3, NULL, NULL, 'utf8', 'utf8_general_ci', 'enum(''N'',''Y'')', '', '', 'select,insert,update,references', ''),
(NULL, 'mysql', 'host', 'Insert_priv', 4, 'N', 'NO', 'enum', 1, 3, NULL, NULL, 'utf8', 'utf8_general_ci', 'enum(''N'',''Y'')', '', '', 'select,insert,update,references', ''),
(NULL, 'mysql', 'host', 'Update_priv', 5, 'N', 'NO', 'enum', 1, 3, NULL, NULL, 'utf8', 'utf8_general_ci', 'enum(''N'',''Y'')', '', '', 'select,insert,update,references', ''),
(NULL, 'mysql', 'host', 'Delete_priv', 6, 'N', 'NO', 'enum', 1, 3, NULL, NULL, 'utf8', 'utf8_general_ci', 'enum(''N'',''Y'')', '', '', 'select,insert,update,references', ''),
(NULL, 'mysql', 'host', 'Create_priv', 7, 'N', 'NO', 'enum', 1, 3, NULL, NULL, 'utf8', 'utf8_general_ci', 'enum(''N'',''Y'')', '', '', 'select,insert,update,references', ''),
(NULL, 'mysql', 'host', 'Drop_priv', 8, 'N', 'NO', 'enum', 1, 3, NULL, NULL, 'utf8', 'utf8_general_ci', 'enum(''N'',''Y'')', '', '', 'select,insert,update,references', ''),
(NULL, 'mysql', 'host', 'Grant_priv', 9, 'N', 'NO', 'enum', 1, 3, NULL, NULL, 'utf8', 'utf8_general_ci', 'enum(''N'',''Y'')', '', '', 'select,insert,update,references', ''),
(NULL, 'mysql', 'host', 'References_priv', 10, 'N', 'NO', 'enum', 1, 3, NULL, NULL, 'utf8', 'utf8_general_ci', 'enum(''N'',''Y'')', '', '', 'select,insert,update,references', ''),
(NULL, 'mysql', 'host', 'Index_priv', 11, 'N', 'NO', 'enum', 1, 3, NULL, NULL, 'utf8', 'utf8_general_ci', 'enum(''N'',''Y'')', '', '', 'select,insert,update,references', ''),
(NULL, 'mysql', 'host', 'Alter_priv', 12, 'N', 'NO', 'enum', 1, 3, NULL, NULL, 'utf8', 'utf8_general_ci', 'enum(''N'',''Y'')', '', '', 'select,insert,update,references', ''),
(NULL, 'mysql', 'host', 'Create_tmp_table_priv', 13, 'N', 'NO', 'enum', 1, 3, NULL, NULL, 'utf8', 'utf8_general_ci', 'enum(''N'',''Y'')', '', '', 'select,insert,update,references', ''),
(NULL, 'mysql', 'host', 'Lock_tables_priv', 14, 'N', 'NO', 'enum', 1, 3, NULL, NULL, 'utf8', 'utf8_general_ci', 'enum(''N'',''Y'')', '', '', 'select,insert,update,references', ''),
(NULL, 'mysql', 'host', 'Create_view_priv', 15, 'N', 'NO', 'enum', 1, 3, NULL, NULL, 'utf8', 'utf8_general_ci', 'enum(''N'',''Y'')', '', '', 'select,insert,update,references', ''),
(NULL, 'mysql', 'host', 'Show_view_priv', 16, 'N', 'NO', 'enum', 1, 3, NULL, NULL, 'utf8', 'utf8_general_ci', 'enum(''N'',''Y'')', '', '', 'select,insert,update,references', ''),
(NULL, 'mysql', 'host', 'Create_routine_priv', 17, 'N', 'NO', 'enum', 1, 3, NULL, NULL, 'utf8', 'utf8_general_ci', 'enum(''N'',''Y'')', '', '', 'select,insert,update,references', ''),
(NULL, 'mysql', 'host', 'Alter_routine_priv', 18, 'N', 'NO', 'enum', 1, 3, NULL, NULL, 'utf8', 'utf8_general_ci', 'enum(''N'',''Y'')', '', '', 'select,insert,update,references', ''),
(NULL, 'mysql', 'host', 'Execute_priv', 19, 'N', 'NO', 'enum', 1, 3, NULL, NULL, 'utf8', 'utf8_general_ci', 'enum(''N'',''Y'')', '', '', 'select,insert,update,references', ''),
(NULL, 'mysql', 'proc', 'db', 1, '', 'NO', 'char', 64, 192, NULL, NULL, 'utf8', 'utf8_bin', 'char(64)', 'PRI', '', 'select,insert,update,references', ''),
(NULL, 'mysql', 'proc', 'name', 2, '', 'NO', 'char', 64, 192, NULL, NULL, 'utf8', 'utf8_general_ci', 'char(64)', 'PRI', '', 'select,insert,update,references', ''),
(NULL, 'mysql', 'proc', 'type', 3, NULL, 'NO', 'enum', 9, 27, NULL, NULL, 'utf8', 'utf8_general_ci', 'enum(''FUNCTION'',''PROCEDURE'')', 'PRI', '', 'select,insert,update,references', ''),
(NULL, 'mysql', 'proc', 'specific_name', 4, '', 'NO', 'char', 64, 192, NULL, NULL, 'utf8', 'utf8_general_ci', 'char(64)', '', '', 'select,insert,update,references', ''),
(NULL, 'mysql', 'proc', 'language', 5, 'SQL', 'NO', 'enum', 3, 9, NULL, NULL, 'utf8', 'utf8_general_ci', 'enum(''SQL'')', '', '', 'select,insert,update,references', ''),
(NULL, 'mysql', 'proc', 'sql_data_access', 6, 'CONTAINS_SQL', 'NO', 'enum', 17, 51, NULL, NULL, 'utf8', 'utf8_general_ci', 'enum(''CONTAINS_SQL'',''NO_SQL'',''READS_SQL_DATA'',''MODIFIES_SQL_DATA'')', '', '', 'select,insert,update,references', ''),
(NULL, 'mysql', 'proc', 'is_deterministic', 7, 'NO', 'NO', 'enum', 3, 9, NULL, NULL, 'utf8', 'utf8_general_ci', 'enum(''YES'',''NO'')', '', '', 'select,insert,update,references', ''),
(NULL, 'mysql', 'proc', 'security_type', 8, 'DEFINER', 'NO', 'enum', 7, 21, NULL, NULL, 'utf8', 'utf8_general_ci', 'enum(''INVOKER'',''DEFINER'')', '', '', 'select,insert,update,references', ''),
(NULL, 'mysql', 'proc', 'param_list', 9, NULL, 'NO', 'blob', 65535, 65535, NULL, NULL, NULL, NULL, 'blob', '', '', 'select,insert,update,references', ''),
(NULL, 'mysql', 'proc', 'returns', 10, '', 'NO', 'char', 64, 192, NULL, NULL, 'utf8', 'utf8_general_ci', 'char(64)', '', '', 'select,insert,update,references', ''),
(NULL, 'mysql', 'proc', 'body', 11, NULL, 'NO', 'longblob', 4294967295, 4294967295, NULL, NULL, NULL, NULL, 'longblob', '', '', 'select,insert,update,references', ''),
(NULL, 'mysql', 'proc', 'definer', 12, '', 'NO', 'char', 77, 231, NULL, NULL, 'utf8', 'utf8_bin', 'char(77)', '', '', 'select,insert,update,references', ''),
(NULL, 'mysql', 'proc', 'created', 13, 'CURRENT_TIMESTAMP', 'NO', 'timestamp', NULL, NULL, NULL, NULL, NULL, NULL, 'timestamp', '', '', 'select,insert,update,references', ''),
(NULL, 'mysql', 'proc', 'modified', 14, '0000-00-00 00:00:00', 'NO', 'timestamp', NULL, NULL, NULL, NULL, NULL, NULL, 'timestamp', '', '', 'select,insert,update,references', ''),
(NULL, 'mysql', 'proc', 'sql_mode', 15, '', 'NO', 'set', 431, 1293, NULL, NULL, 'utf8', 'utf8_general_ci', 'set(''REAL_AS_FLOAT'',''PIPES_AS_CONCAT'',''ANSI_QUOTES'',''IGNORE_SPACE'',''NOT_USED'',''ONLY_FULL_GROUP_BY'',''NO_UNSIGNED_SUBTRACTION'',''NO_DIR_IN_CREATE'',''POSTGRESQL'',''ORACLE'',''MSSQL'',''DB2'',''MAXDB'',''NO_KEY_OPTIONS'',''NO_TABLE_OPTIONS'',''NO_FIELD_OPTIONS'',''MYSQL323'',''MYSQL40'',''ANSI'',''NO_AUTO_VALUE_ON_ZERO'',''NO_BACKSLASH_ESCAPES'',''STRICT_TRANS_TABLES'',''STRICT_ALL_TABLES'',''NO_ZERO_IN_DATE'',''NO_ZERO_DATE'',''INVALID_DATES'',''ERROR_FOR_DIVISION_BY_ZERO'',''TRADITIONAL'',''NO_AUTO_CREATE_USER'',''HIGH_NOT_PRECEDENCE'')', '', '', 'select,insert,update,references', ''),
(NULL, 'mysql', 'proc', 'comment', 16, '', 'NO', 'char', 64, 192, NULL, NULL, 'utf8', 'utf8_bin', 'char(64)', '', '', 'select,insert,update,references', ''),
(NULL, 'mysql', 'procs_priv', 'Host', 1, '', 'NO', 'char', 60, 180, NULL, NULL, 'utf8', 'utf8_bin', 'char(60)', 'PRI', '', 'select,insert,update,references', ''),
(NULL, 'mysql', 'procs_priv', 'Db', 2, '', 'NO', 'char', 64, 192, NULL, NULL, 'utf8', 'utf8_bin', 'char(64)', 'PRI', '', 'select,insert,update,references', ''),
(NULL, 'mysql', 'procs_priv', 'User', 3, '', 'NO', 'char', 16, 48, NULL, NULL, 'utf8', 'utf8_bin', 'char(16)', 'PRI', '', 'select,insert,update,references', ''),
(NULL, 'mysql', 'procs_priv', 'Routine_name', 4, '', 'NO', 'char', 64, 192, NULL, NULL, 'utf8', 'utf8_bin', 'char(64)', 'PRI', '', 'select,insert,update,references', ''),
(NULL, 'mysql', 'procs_priv', 'Routine_type', 5, NULL, 'NO', 'enum', 9, 27, NULL, NULL, 'utf8', 'utf8_bin', 'enum(''FUNCTION'',''PROCEDURE'')', 'PRI', '', 'select,insert,update,references', ''),
(NULL, 'mysql', 'procs_priv', 'Grantor', 6, '', 'NO', 'char', 77, 231, NULL, NULL, 'utf8', 'utf8_bin', 'char(77)', 'MUL', '', 'select,insert,update,references', ''),
(NULL, 'mysql', 'procs_priv', 'Proc_priv', 7, '', 'NO', 'set', 27, 81, NULL, NULL, 'utf8', 'utf8_general_ci', 'set(''Execute'',''Alter Routine'',''Grant'')', '', '', 'select,insert,update,references', ''),
(NULL, 'mysql', 'procs_priv', 'Timestamp', 8, 'CURRENT_TIMESTAMP', 'NO', 'timestamp', NULL, NULL, NULL, NULL, NULL, NULL, 'timestamp', '', '', 'select,insert,update,references', ''),
(NULL, 'mysql', 'tables_priv', 'Host', 1, '', 'NO', 'char', 60, 180, NULL, NULL, 'utf8', 'utf8_bin', 'char(60)', 'PRI', '', 'select,insert,update,references', ''),
(NULL, 'mysql', 'tables_priv', 'Db', 2, '', 'NO', 'char', 64, 192, NULL, NULL, 'utf8', 'utf8_bin', 'char(64)', 'PRI', '', 'select,insert,update,references', ''),
(NULL, 'mysql', 'tables_priv', 'User', 3, '', 'NO', 'char', 16, 48, NULL, NULL, 'utf8', 'utf8_bin', 'char(16)', 'PRI', '', 'select,insert,update,references', ''),
(NULL, 'mysql', 'tables_priv', 'Table_name', 4, '', 'NO', 'char', 64, 192, NULL, NULL, 'utf8', 'utf8_bin', 'char(64)', 'PRI', '', 'select,insert,update,references', ''),
(NULL, 'mysql', 'tables_priv', 'Grantor', 5, '', 'NO', 'char', 77, 231, NULL, NULL, 'utf8', 'utf8_bin', 'char(77)', 'MUL', '', 'select,insert,update,references', ''),
(NULL, 'mysql', 'tables_priv', 'Timestamp', 6, 'CURRENT_TIMESTAMP', 'NO', 'timestamp', NULL, NULL, NULL, NULL, NULL, NULL, 'timestamp', '', '', 'select,insert,update,references', ''),
(NULL, 'mysql', 'tables_priv', 'Table_priv', 7, '', 'NO', 'set', 90, 270, NULL, NULL, 'utf8', 'utf8_general_ci', 'set(''Select'',''Insert'',''Update'',''Delete'',''Create'',''Drop'',''Grant'',''References'',''Index'',''Alter'',''Create View'',''Show view'')', '', '', 'select,insert,update,references', ''),
(NULL, 'mysql', 'tables_priv', 'Column_priv', 8, '', 'NO', 'set', 31, 93, NULL, NULL, 'utf8', 'utf8_general_ci', 'set(''Select'',''Insert'',''Update'',''References'')', '', '', 'select,insert,update,references', ''),
(NULL, 'mysql', 'time_zone', 'Time_zone_id', 1, NULL, 'NO', 'int', NULL, NULL, 10, 0, NULL, NULL, 'int(10) unsigned', 'PRI', 'auto_increment', 'select,insert,update,references', ''),
(NULL, 'mysql', 'time_zone', 'Use_leap_seconds', 2, 'N', 'NO', 'enum', 1, 3, NULL, NULL, 'utf8', 'utf8_general_ci', 'enum(''Y'',''N'')', '', '', 'select,insert,update,references', ''),
(NULL, 'mysql', 'time_zone_leap_second', 'Transition_time', 1, NULL, 'NO', 'bigint', NULL, NULL, 19, 0, NULL, NULL, 'bigint(20)', 'PRI', '', 'select,insert,update,references', ''),
(NULL, 'mysql', 'time_zone_leap_second', 'Correction', 2, NULL, 'NO', 'int', NULL, NULL, 10, 0, NULL, NULL, 'int(11)', '', '', 'select,insert,update,references', ''),
(NULL, 'mysql', 'time_zone_name', 'Name', 1, NULL, 'NO', 'char', 64, 192, NULL, NULL, 'utf8', 'utf8_general_ci', 'char(64)', 'PRI', '', 'select,insert,update,references', ''),
(NULL, 'mysql', 'time_zone_name', 'Time_zone_id', 2, NULL, 'NO', 'int', NULL, NULL, 10, 0, NULL, NULL, 'int(10) unsigned', '', '', 'select,insert,update,references', ''),
(NULL, 'mysql', 'time_zone_transition', 'Time_zone_id', 1, NULL, 'NO', 'int', NULL, NULL, 10, 0, NULL, NULL, 'int(10) unsigned', 'PRI', '', 'select,insert,update,references', ''),
(NULL, 'mysql', 'time_zone_transition', 'Transition_time', 2, NULL, 'NO', 'bigint', NULL, NULL, 19, 0, NULL, NULL, 'bigint(20)', 'PRI', '', 'select,insert,update,references', ''),
(NULL, 'mysql', 'time_zone_transition', 'Transition_type_id', 3, NULL, 'NO', 'int', NULL, NULL, 10, 0, NULL, NULL, 'int(10) unsigned', '', '', 'select,insert,update,references', ''),
(NULL, 'mysql', 'time_zone_transition_type', 'Time_zone_id', 1, NULL, 'NO', 'int', NULL, NULL, 10, 0, NULL, NULL, 'int(10) unsigned', 'PRI', '', 'select,insert,update,references', ''),
(NULL, 'mysql', 'time_zone_transition_type', 'Transition_type_id', 2, NULL, 'NO', 'int', NULL, NULL, 10, 0, NULL, NULL, 'int(10) unsigned', 'PRI', '', 'select,insert,update,references', ''),
(NULL, 'mysql', 'time_zone_transition_type', 'Offset', 3, '0', 'NO', 'int', NULL, NULL, 10, 0, NULL, NULL, 'int(11)', '', '', 'select,insert,update,references', ''),
(NULL, 'mysql', 'time_zone_transition_type', 'Is_DST', 4, '0', 'NO', 'tinyint', NULL, NULL, 3, 0, NULL, NULL, 'tinyint(3) unsigned', '', '', 'select,insert,update,references', ''),
(NULL, 'mysql', 'time_zone_transition_type', 'Abbreviation', 5, '', 'NO', 'char', 8, 24, NULL, NULL, 'utf8', 'utf8_general_ci', 'char(8)', '', '', 'select,insert,update,references', ''),
(NULL, 'mysql', 'user', 'Host', 1, '', 'NO', 'char', 60, 180, NULL, NULL, 'utf8', 'utf8_bin', 'char(60)', 'PRI', '', 'select,insert,update,references', ''),
(NULL, 'mysql', 'user', 'User', 2, '', 'NO', 'char', 16, 48, NULL, NULL, 'utf8', 'utf8_bin', 'char(16)', 'PRI', '', 'select,insert,update,references', ''),
(NULL, 'mysql', 'user', 'Password', 3, '', 'NO', 'char', 41, 41, NULL, NULL, 'latin1', 'latin1_bin', 'char(41)', '', '', 'select,insert,update,references', ''),
(NULL, 'mysql', 'user', 'Select_priv', 4, 'N', 'NO', 'enum', 1, 3, NULL, NULL, 'utf8', 'utf8_general_ci', 'enum(''N'',''Y'')', '', '', 'select,insert,update,references', ''),
(NULL, 'mysql', 'user', 'Insert_priv', 5, 'N', 'NO', 'enum', 1, 3, NULL, NULL, 'utf8', 'utf8_general_ci', 'enum(''N'',''Y'')', '', '', 'select,insert,update,references', ''),
(NULL, 'mysql', 'user', 'Update_priv', 6, 'N', 'NO', 'enum', 1, 3, NULL, NULL, 'utf8', 'utf8_general_ci', 'enum(''N'',''Y'')', '', '', 'select,insert,update,references', ''),
(NULL, 'mysql', 'user', 'Delete_priv', 7, 'N', 'NO', 'enum', 1, 3, NULL, NULL, 'utf8', 'utf8_general_ci', 'enum(''N'',''Y'')', '', '', 'select,insert,update,references', ''),
(NULL, 'mysql', 'user', 'Create_priv', 8, 'N', 'NO', 'enum', 1, 3, NULL, NULL, 'utf8', 'utf8_general_ci', 'enum(''N'',''Y'')', '', '', 'select,insert,update,references', ''),
(NULL, 'mysql', 'user', 'Drop_priv', 9, 'N', 'NO', 'enum', 1, 3, NULL, NULL, 'utf8', 'utf8_general_ci', 'enum(''N'',''Y'')', '', '', 'select,insert,update,references', ''),
(NULL, 'mysql', 'user', 'Reload_priv', 10, 'N', 'NO', 'enum', 1, 3, NULL, NULL, 'utf8', 'utf8_general_ci', 'enum(''N'',''Y'')', '', '', 'select,insert,update,references', ''),
(NULL, 'mysql', 'user', 'Shutdown_priv', 11, 'N', 'NO', 'enum', 1, 3, NULL, NULL, 'utf8', 'utf8_general_ci', 'enum(''N'',''Y'')', '', '', 'select,insert,update,references', ''),
(NULL, 'mysql', 'user', 'Process_priv', 12, 'N', 'NO', 'enum', 1, 3, NULL, NULL, 'utf8', 'utf8_general_ci', 'enum(''N'',''Y'')', '', '', 'select,insert,update,references', ''),
(NULL, 'mysql', 'user', 'File_priv', 13, 'N', 'NO', 'enum', 1, 3, NULL, NULL, 'utf8', 'utf8_general_ci', 'enum(''N'',''Y'')', '', '', 'select,insert,update,references', ''),
(NULL, 'mysql', 'user', 'Grant_priv', 14, 'N', 'NO', 'enum', 1, 3, NULL, NULL, 'utf8', 'utf8_general_ci', 'enum(''N'',''Y'')', '', '', 'select,insert,update,references', ''),
(NULL, 'mysql', 'user', 'References_priv', 15, 'N', 'NO', 'enum', 1, 3, NULL, NULL, 'utf8', 'utf8_general_ci', 'enum(''N'',''Y'')', '', '', 'select,insert,update,references', ''),
(NULL, 'mysql', 'user', 'Index_priv', 16, 'N', 'NO', 'enum', 1, 3, NULL, NULL, 'utf8', 'utf8_general_ci', 'enum(''N'',''Y'')', '', '', 'select,insert,update,references', ''),
(NULL, 'mysql', 'user', 'Alter_priv', 17, 'N', 'NO', 'enum', 1, 3, NULL, NULL, 'utf8', 'utf8_general_ci', 'enum(''N'',''Y'')', '', '', 'select,insert,update,references', ''),
(NULL, 'mysql', 'user', 'Show_db_priv', 18, 'N', 'NO', 'enum', 1, 3, NULL, NULL, 'utf8', 'utf8_general_ci', 'enum(''N'',''Y'')', '', '', 'select,insert,update,references', ''),
(NULL, 'mysql', 'user', 'Super_priv', 19, 'N', 'NO', 'enum', 1, 3, NULL, NULL, 'utf8', 'utf8_general_ci', 'enum(''N'',''Y'')', '', '', 'select,insert,update,references', ''),
(NULL, 'mysql', 'user', 'Create_tmp_table_priv', 20, 'N', 'NO', 'enum', 1, 3, NULL, NULL, 'utf8', 'utf8_general_ci', 'enum(''N'',''Y'')', '', '', 'select,insert,update,references', ''),
(NULL, 'mysql', 'user', 'Lock_tables_priv', 21, 'N', 'NO', 'enum', 1, 3, NULL, NULL, 'utf8', 'utf8_general_ci', 'enum(''N'',''Y'')', '', '', 'select,insert,update,references', ''),
(NULL, 'mysql', 'user', 'Execute_priv', 22, 'N', 'NO', 'enum', 1, 3, NULL, NULL, 'utf8', 'utf8_general_ci', 'enum(''N'',''Y'')', '', '', 'select,insert,update,references', ''),
(NULL, 'mysql', 'user', 'Repl_slave_priv', 23, 'N', 'NO', 'enum', 1, 3, NULL, NULL, 'utf8', 'utf8_general_ci', 'enum(''N'',''Y'')', '', '', 'select,insert,update,references', ''),
(NULL, 'mysql', 'user', 'Repl_client_priv', 24, 'N', 'NO', 'enum', 1, 3, NULL, NULL, 'utf8', 'utf8_general_ci', 'enum(''N'',''Y'')', '', '', 'select,insert,update,references', ''),
(NULL, 'mysql', 'user', 'Create_view_priv', 25, 'N', 'NO', 'enum', 1, 3, NULL, NULL, 'utf8', 'utf8_general_ci', 'enum(''N'',''Y'')', '', '', 'select,insert,update,references', ''),
(NULL, 'mysql', 'user', 'Show_view_priv', 26, 'N', 'NO', 'enum', 1, 3, NULL, NULL, 'utf8', 'utf8_general_ci', 'enum(''N'',''Y'')', '', '', 'select,insert,update,references', ''),
(NULL, 'mysql', 'user', 'Create_routine_priv', 27, 'N', 'NO', 'enum', 1, 3, NULL, NULL, 'utf8', 'utf8_general_ci', 'enum(''N'',''Y'')', '', '', 'select,insert,update,references', ''),
(NULL, 'mysql', 'user', 'Alter_routine_priv', 28, 'N', 'NO', 'enum', 1, 3, NULL, NULL, 'utf8', 'utf8_general_ci', 'enum(''N'',''Y'')', '', '', 'select,insert,update,references', ''),
(NULL, 'mysql', 'user', 'Create_user_priv', 29, 'N', 'NO', 'enum', 1, 3, NULL, NULL, 'utf8', 'utf8_general_ci', 'enum(''N'',''Y'')', '', '', 'select,insert,update,references', ''),
(NULL, 'mysql', 'user', 'ssl_type', 30, '', 'NO', 'enum', 9, 27, NULL, NULL, 'utf8', 'utf8_general_ci', 'enum('''',''ANY'',''X509'',''SPECIFIED'')', '', '', 'select,insert,update,references', ''),
(NULL, 'mysql', 'user', 'ssl_cipher', 31, NULL, 'NO', 'blob', 65535, 65535, NULL, NULL, NULL, NULL, 'blob', '', '', 'select,insert,update,references', ''),
(NULL, 'mysql', 'user', 'x509_issuer', 32, NULL, 'NO', 'blob', 65535, 65535, NULL, NULL, NULL, NULL, 'blob', '', '', 'select,insert,update,references', ''),
(NULL, 'mysql', 'user', 'x509_subject', 33, NULL, 'NO', 'blob', 65535, 65535, NULL, NULL, NULL, NULL, 'blob', '', '', 'select,insert,update,references', ''),
(NULL, 'mysql', 'user', 'max_questions', 34, '0', 'NO', 'int', NULL, NULL, 10, 0, NULL, NULL, 'int(11) unsigned', '', '', 'select,insert,update,references', ''),
(NULL, 'mysql', 'user', 'max_updates', 35, '0', 'NO', 'int', NULL, NULL, 10, 0, NULL, NULL, 'int(11) unsigned', '', '', 'select,insert,update,references', ''),
(NULL, 'mysql', 'user', 'max_connections', 36, '0', 'NO', 'int', NULL, NULL, 10, 0, NULL, NULL, 'int(11) unsigned', '', '', 'select,insert,update,references', ''),
(NULL, 'mysql', 'user', 'max_user_connections', 37, '0', 'NO', 'int', NULL, NULL, 10, 0, NULL, NULL, 'int(11) unsigned', '', '', 'select,insert,update,references', ''),
(NULL, 'phpmyadmin', 'pma_bookmark', 'id', 1, NULL, 'NO', 'int', NULL, NULL, 10, 0, NULL, NULL, 'int(11)', 'PRI', 'auto_increment', 'select,insert,update,references', ''),
(NULL, 'phpmyadmin', 'pma_bookmark', 'dbase', 2, '', 'NO', 'varchar', 255, 765, NULL, NULL, 'utf8', 'utf8_bin', 'varchar(255)', '', '', 'select,insert,update,references', ''),
(NULL, 'phpmyadmin', 'pma_bookmark', 'user', 3, '', 'NO', 'varchar', 255, 765, NULL, NULL, 'utf8', 'utf8_bin', 'varchar(255)', '', '', 'select,insert,update,references', ''),
(NULL, 'phpmyadmin', 'pma_bookmark', 'label', 4, '', 'NO', 'varchar', 255, 765, NULL, NULL, 'utf8', 'utf8_general_ci', 'varchar(255)', '', '', 'select,insert,update,references', ''),
(NULL, 'phpmyadmin', 'pma_bookmark', 'query', 5, NULL, 'NO', 'text', 65535, 65535, NULL, NULL, 'utf8', 'utf8_bin', 'text', '', '', 'select,insert,update,references', ''),
(NULL, 'phpmyadmin', 'pma_column_info', 'id', 1, NULL, 'NO', 'int', NULL, NULL, 10, 0, NULL, NULL, 'int(5) unsigned', 'PRI', 'auto_increment', 'select,insert,update,references', ''),
(NULL, 'phpmyadmin', 'pma_column_info', 'db_name', 2, '', 'NO', 'varchar', 64, 192, NULL, NULL, 'utf8', 'utf8_bin', 'varchar(64)', 'MUL', '', 'select,insert,update,references', ''),
(NULL, 'phpmyadmin', 'pma_column_info', 'table_name', 3, '', 'NO', 'varchar', 64, 192, NULL, NULL, 'utf8', 'utf8_bin', 'varchar(64)', '', '', 'select,insert,update,references', ''),
(NULL, 'phpmyadmin', 'pma_column_info', 'column_name', 4, '', 'NO', 'varchar', 64, 192, NULL, NULL, 'utf8', 'utf8_bin', 'varchar(64)', '', '', 'select,insert,update,references', ''),
(NULL, 'phpmyadmin', 'pma_column_info', 'comment', 5, '', 'NO', 'varchar', 255, 765, NULL, NULL, 'utf8', 'utf8_general_ci', 'varchar(255)', '', '', 'select,insert,update,references', ''),
(NULL, 'phpmyadmin', 'pma_column_info', 'mimetype', 6, '', 'NO', 'varchar', 255, 765, NULL, NULL, 'utf8', 'utf8_general_ci', 'varchar(255)', '', '', 'select,insert,update,references', ''),
(NULL, 'phpmyadmin', 'pma_column_info', 'transformation', 7, '', 'NO', 'varchar', 255, 765, NULL, NULL, 'utf8', 'utf8_bin', 'varchar(255)', '', '', 'select,insert,update,references', ''),
(NULL, 'phpmyadmin', 'pma_column_info', 'transformation_options', 8, '', 'NO', 'varchar', 255, 765, NULL, NULL, 'utf8', 'utf8_bin', 'varchar(255)', '', '', 'select,insert,update,references', ''),
(NULL, 'phpmyadmin', 'pma_designer_coords', 'db_name', 1, '', 'NO', 'varchar', 64, 192, NULL, NULL, 'utf8', 'utf8_bin', 'varchar(64)', 'PRI', '', 'select,insert,update,references', ''),
(NULL, 'phpmyadmin', 'pma_designer_coords', 'table_name', 2, '', 'NO', 'varchar', 64, 192, NULL, NULL, 'utf8', 'utf8_bin', 'varchar(64)', 'PRI', '', 'select,insert,update,references', ''),
(NULL, 'phpmyadmin', 'pma_designer_coords', 'x', 3, NULL, 'YES', 'int', NULL, NULL, 10, 0, NULL, NULL, 'int(11)', '', '', 'select,insert,update,references', ''),
(NULL, 'phpmyadmin', 'pma_designer_coords', 'y', 4, NULL, 'YES', 'int', NULL, NULL, 10, 0, NULL, NULL, 'int(11)', '', '', 'select,insert,update,references', ''),
(NULL, 'phpmyadmin', 'pma_designer_coords', 'v', 5, NULL, 'YES', 'tinyint', NULL, NULL, 3, 0, NULL, NULL, 'tinyint(4)', '', '', 'select,insert,update,references', ''),
(NULL, 'phpmyadmin', 'pma_designer_coords', 'h', 6, NULL, 'YES', 'tinyint', NULL, NULL, 3, 0, NULL, NULL, 'tinyint(4)', '', '', 'select,insert,update,references', ''),
(NULL, 'phpmyadmin', 'pma_history', 'id', 1, NULL, 'NO', 'bigint', NULL, NULL, 19, 0, NULL, NULL, 'bigint(20) unsigned', 'PRI', 'auto_increment', 'select,insert,update,references', ''),
(NULL, 'phpmyadmin', 'pma_history', 'username', 2, '', 'NO', 'varchar', 64, 192, NULL, NULL, 'utf8', 'utf8_bin', 'varchar(64)', 'MUL', '', 'select,insert,update,references', ''),
(NULL, 'phpmyadmin', 'pma_history', 'db', 3, '', 'NO', 'varchar', 64, 192, NULL, NULL, 'utf8', 'utf8_bin', 'varchar(64)', '', '', 'select,insert,update,references', ''),
(NULL, 'phpmyadmin', 'pma_history', 'table', 4, '', 'NO', 'varchar', 64, 192, NULL, NULL, 'utf8', 'utf8_bin', 'varchar(64)', '', '', 'select,insert,update,references', ''),
(NULL, 'phpmyadmin', 'pma_history', 'timevalue', 5, 'CURRENT_TIMESTAMP', 'NO', 'timestamp', NULL, NULL, NULL, NULL, NULL, NULL, 'timestamp', '', '', 'select,insert,update,references', ''),
(NULL, 'phpmyadmin', 'pma_history', 'sqlquery', 6, NULL, 'NO', 'text', 65535, 65535, NULL, NULL, 'utf8', 'utf8_bin', 'text', '', '', 'select,insert,update,references', ''),
(NULL, 'phpmyadmin', 'pma_pdf_pages', 'db_name', 1, '', 'NO', 'varchar', 64, 192, NULL, NULL, 'utf8', 'utf8_bin', 'varchar(64)', 'MUL', '', 'select,insert,update,references', ''),
(NULL, 'phpmyadmin', 'pma_pdf_pages', 'page_nr', 2, NULL, 'NO', 'int', NULL, NULL, 10, 0, NULL, NULL, 'int(10) unsigned', 'PRI', 'auto_increment', 'select,insert,update,references', ''),
(NULL, 'phpmyadmin', 'pma_pdf_pages', 'page_descr', 3, '', 'NO', 'varchar', 50, 150, NULL, NULL, 'utf8', 'utf8_general_ci', 'varchar(50)', '', '', 'select,insert,update,references', ''),
(NULL, 'phpmyadmin', 'pma_relation', 'master_db', 1, '', 'NO', 'varchar', 64, 192, NULL, NULL, 'utf8', 'utf8_bin', 'varchar(64)', 'PRI', '', 'select,insert,update,references', ''),
(NULL, 'phpmyadmin', 'pma_relation', 'master_table', 2, '', 'NO', 'varchar', 64, 192, NULL, NULL, 'utf8', 'utf8_bin', 'varchar(64)', 'PRI', '', 'select,insert,update,references', ''),
(NULL, 'phpmyadmin', 'pma_relation', 'master_field', 3, '', 'NO', 'varchar', 64, 192, NULL, NULL, 'utf8', 'utf8_bin', 'varchar(64)', 'PRI', '', 'select,insert,update,references', ''),
(NULL, 'phpmyadmin', 'pma_relation', 'foreign_db', 4, '', 'NO', 'varchar', 64, 192, NULL, NULL, 'utf8', 'utf8_bin', 'varchar(64)', 'MUL', '', 'select,insert,update,references', ''),
(NULL, 'phpmyadmin', 'pma_relation', 'foreign_table', 5, '', 'NO', 'varchar', 64, 192, NULL, NULL, 'utf8', 'utf8_bin', 'varchar(64)', '', '', 'select,insert,update,references', ''),
(NULL, 'phpmyadmin', 'pma_relation', 'foreign_field', 6, '', 'NO', 'varchar', 64, 192, NULL, NULL, 'utf8', 'utf8_bin', 'varchar(64)', '', '', 'select,insert,update,references', ''),
(NULL, 'phpmyadmin', 'pma_table_coords', 'db_name', 1, '', 'NO', 'varchar', 64, 192, NULL, NULL, 'utf8', 'utf8_bin', 'varchar(64)', 'PRI', '', 'select,insert,update,references', ''),
(NULL, 'phpmyadmin', 'pma_table_coords', 'table_name', 2, '', 'NO', 'varchar', 64, 192, NULL, NULL, 'utf8', 'utf8_bin', 'varchar(64)', 'PRI', '', 'select,insert,update,references', ''),
(NULL, 'phpmyadmin', 'pma_table_coords', 'pdf_page_number', 3, '0', 'NO', 'int', NULL, NULL, 10, 0, NULL, NULL, 'int(11)', 'PRI', '', 'select,insert,update,references', ''),
(NULL, 'phpmyadmin', 'pma_table_coords', 'x', 4, '0', 'NO', 'float unsigned', NULL, NULL, 12, NULL, NULL, NULL, 'float unsigned', '', '', 'select,insert,update,references', ''),
(NULL, 'phpmyadmin', 'pma_table_coords', 'y', 5, '0', 'NO', 'float unsigned', NULL, NULL, 12, NULL, NULL, NULL, 'float unsigned', '', '', 'select,insert,update,references', ''),
(NULL, 'phpmyadmin', 'pma_table_info', 'db_name', 1, '', 'NO', 'varchar', 64, 192, NULL, NULL, 'utf8', 'utf8_bin', 'varchar(64)', 'PRI', '', 'select,insert,update,references', ''),
(NULL, 'phpmyadmin', 'pma_table_info', 'table_name', 2, '', 'NO', 'varchar', 64, 192, NULL, NULL, 'utf8', 'utf8_bin', 'varchar(64)', 'PRI', '', 'select,insert,update,references', ''),
(NULL, 'phpmyadmin', 'pma_table_info', 'display_field', 3, '', 'NO', 'varchar', 64, 192, NULL, NULL, 'utf8', 'utf8_bin', 'varchar(64)', '', '', 'select,insert,update,references', ''),
(NULL, 'phpmyadmin', 'pma_tracking', 'db_name', 1, NULL, 'NO', 'varchar', 64, 192, NULL, NULL, 'utf8', 'utf8_bin', 'varchar(64)', 'PRI', '', 'select,insert,update,references', ''),
(NULL, 'phpmyadmin', 'pma_tracking', 'table_name', 2, NULL, 'NO', 'varchar', 64, 192, NULL, NULL, 'utf8', 'utf8_bin', 'varchar(64)', 'PRI', '', 'select,insert,update,references', ''),
(NULL, 'phpmyadmin', 'pma_tracking', 'version', 3, NULL, 'NO', 'int', NULL, NULL, 10, 0, NULL, NULL, 'int(10) unsigned', 'PRI', '', 'select,insert,update,references', ''),
(NULL, 'phpmyadmin', 'pma_tracking', 'date_created', 4, NULL, 'NO', 'datetime', NULL, NULL, NULL, NULL, NULL, NULL, 'datetime', '', '', 'select,insert,update,references', ''),
(NULL, 'phpmyadmin', 'pma_tracking', 'date_updated', 5, NULL, 'NO', 'datetime', NULL, NULL, NULL, NULL, NULL, NULL, 'datetime', '', '', 'select,insert,update,references', ''),
(NULL, 'phpmyadmin', 'pma_tracking', 'schema_snapshot', 6, NULL, 'NO', 'text', 65535, 65535, NULL, NULL, 'utf8', 'utf8_bin', 'text', '', '', 'select,insert,update,references', ''),
(NULL, 'phpmyadmin', 'pma_tracking', 'schema_sql', 7, NULL, 'YES', 'text', 65535, 65535, NULL, NULL, 'utf8', 'utf8_bin', 'text', '', '', 'select,insert,update,references', ''),
(NULL, 'phpmyadmin', 'pma_tracking', 'data_sql', 8, NULL, 'YES', 'longtext', 4294967295, 4294967295, NULL, NULL, 'utf8', 'utf8_bin', 'longtext', '', '', 'select,insert,update,references', ''),
(NULL, 'phpmyadmin', 'pma_tracking', 'tracking', 9, NULL, 'YES', 'set', 188, 564, NULL, NULL, 'utf8', 'utf8_bin', 'set(''UPDATE'',''REPLACE'',''INSERT'',''DELETE'',''TRUNCATE'',''CREATE DATABASE'',''ALTER DATABASE'',''DROP DATABASE'',''CREATE TABLE'',''ALTER TABLE'',''RENAME TABLE'',''DROP TABLE'',''CREATE INDEX'',''DROP INDEX'',''CREATE VIEW'',''ALTER VIEW'',''DROP VIEW'')', '', '', 'select,insert,update,references', ''),
(NULL, 'phpmyadmin', 'pma_tracking', 'tracking_active', 10, '1', 'NO', 'int', NULL, NULL, 10, 0, NULL, NULL, 'int(1) unsigned', '', '', 'select,insert,update,references', ''),
(NULL, 'phpmyadmin', 'pma_userconfig', 'username', 1, NULL, 'NO', 'varchar', 64, 192, NULL, NULL, 'utf8', 'utf8_bin', 'varchar(64)', 'PRI', '', 'select,insert,update,references', ''),
(NULL, 'phpmyadmin', 'pma_userconfig', 'timevalue', 2, 'CURRENT_TIMESTAMP', 'NO', 'timestamp', NULL, NULL, NULL, NULL, NULL, NULL, 'timestamp', '', '', 'select,insert,update,references', ''),
(NULL, 'phpmyadmin', 'pma_userconfig', 'config_data', 3, NULL, 'NO', 'text', 65535, 65535, NULL, NULL, 'utf8', 'utf8_bin', 'text', '', '', 'select,insert,update,references', '');

-- --------------------------------------------------------

--
-- Структура таблицы `COLUMN_PRIVILEGES`
--

CREATE TEMPORARY TABLE `COLUMN_PRIVILEGES` (
  `GRANTEE` varchar(81) NOT NULL default '',
  `TABLE_CATALOG` varchar(512) default NULL,
  `TABLE_SCHEMA` varchar(64) NOT NULL default '',
  `TABLE_NAME` varchar(64) NOT NULL default '',
  `COLUMN_NAME` varchar(64) NOT NULL default '',
  `PRIVILEGE_TYPE` varchar(64) NOT NULL default '',
  `IS_GRANTABLE` varchar(3) NOT NULL default ''
) ENGINE=MEMORY DEFAULT CHARSET=utf8;

-- --------------------------------------------------------

--
-- Структура таблицы `KEY_COLUMN_USAGE`
--

CREATE TEMPORARY TABLE `KEY_COLUMN_USAGE` (
  `CONSTRAINT_CATALOG` varchar(512) default NULL,
  `CONSTRAINT_SCHEMA` varchar(64) NOT NULL default '',
  `CONSTRAINT_NAME` varchar(64) NOT NULL default '',
  `TABLE_CATALOG` varchar(512) default NULL,
  `TABLE_SCHEMA` varchar(64) NOT NULL default '',
  `TABLE_NAME` varchar(64) NOT NULL default '',
  `COLUMN_NAME` varchar(64) NOT NULL default '',
  `ORDINAL_POSITION` bigint(10) NOT NULL default '0',
  `POSITION_IN_UNIQUE_CONSTRAINT` bigint(10) default NULL,
  `REFERENCED_TABLE_SCHEMA` varchar(64) default NULL,
  `REFERENCED_TABLE_NAME` varchar(64) default NULL,
  `REFERENCED_COLUMN_NAME` varchar(64) default NULL
) ENGINE=MEMORY DEFAULT CHARSET=utf8;

--
-- Дамп данных таблицы `KEY_COLUMN_USAGE`
--

INSERT INTO `KEY_COLUMN_USAGE` (`CONSTRAINT_CATALOG`, `CONSTRAINT_SCHEMA`, `CONSTRAINT_NAME`, `TABLE_CATALOG`, `TABLE_SCHEMA`, `TABLE_NAME`, `COLUMN_NAME`, `ORDINAL_POSITION`, `POSITION_IN_UNIQUE_CONSTRAINT`, `REFERENCED_TABLE_SCHEMA`, `REFERENCED_TABLE_NAME`, `REFERENCED_COLUMN_NAME`) VALUES
(NULL, 'eventdb', 'PRIMARY', NULL, 'eventdb', 'adr_birth', 'id', 1, NULL, NULL, NULL, NULL),
(NULL, 'eventdb', 'PRIMARY', NULL, 'eventdb', 'adr_live', 'id', 1, NULL, NULL, NULL, NULL),
(NULL, 'eventdb', 'PRIMARY', NULL, 'eventdb', 'adr_other', 'id', 1, NULL, NULL, NULL, NULL),
(NULL, 'eventdb', 'PRIMARY', NULL, 'eventdb', 'adr_work', 'id', 1, NULL, NULL, NULL, NULL),
(NULL, 'eventdb', 'PRIMARY', NULL, 'eventdb', 'change_event', 'id', 1, NULL, NULL, NULL, NULL),
(NULL, 'eventdb', 'PRIMARY', NULL, 'eventdb', 'change_person', 'id', 1, NULL, NULL, NULL, NULL),
(NULL, 'eventdb', 'PRIMARY', NULL, 'eventdb', 'division', 'id_division', 1, NULL, NULL, NULL, NULL),
(NULL, 'eventdb', 'PRIMARY', NULL, 'eventdb', 'entity', 'id_entity', 1, NULL, NULL, NULL, NULL),
(NULL, 'eventdb', 'PRIMARY', NULL, 'eventdb', 'event', 'id', 1, NULL, NULL, NULL, NULL),
(NULL, 'eventdb', 'PRIMARY', NULL, 'eventdb', 'file_event', 'id', 1, NULL, NULL, NULL, NULL),
(NULL, 'eventdb', 'PRIMARY', NULL, 'eventdb', 'file_person', 'id', 1, NULL, NULL, NULL, NULL),
(NULL, 'eventdb', 'PRIMARY', NULL, 'eventdb', 'filial', 'id_filial', 1, NULL, NULL, NULL, NULL),
(NULL, 'eventdb', 'PRIMARY', NULL, 'eventdb', 'img_person', 'id_person', 1, NULL, NULL, NULL, NULL),
(NULL, 'eventdb', 'PRIMARY', NULL, 'eventdb', 'information', 'id', 1, NULL, NULL, NULL, NULL),
(NULL, 'eventdb', 'PRIMARY', NULL, 'eventdb', 'logging', 'id', 1, NULL, NULL, NULL, NULL),
(NULL, 'eventdb', 'PRIMARY', NULL, 'eventdb', 'logging_user', 'id', 1, NULL, NULL, NULL, NULL),
(NULL, 'eventdb', 'PRIMARY', NULL, 'eventdb', 'person', 'id', 1, NULL, NULL, NULL, NULL),
(NULL, 'eventdb', 'PRIMARY', NULL, 'eventdb', 'relation', 'id', 1, NULL, NULL, NULL, NULL),
(NULL, 'eventdb', 'PRIMARY', NULL, 'eventdb', 'represent', 'id_rep', 1, NULL, NULL, NULL, NULL),
(NULL, 'eventdb', 'PRIMARY', NULL, 'eventdb', 'users', 'id', 1, NULL, NULL, NULL, NULL),
(NULL, 'eventdb', 'email', NULL, 'eventdb', 'users', 'email', 1, NULL, NULL, NULL, NULL),
(NULL, 'mysql', 'PRIMARY', NULL, 'mysql', 'columns_priv', 'Host', 1, NULL, NULL, NULL, NULL),
(NULL, 'mysql', 'PRIMARY', NULL, 'mysql', 'columns_priv', 'Db', 2, NULL, NULL, NULL, NULL),
(NULL, 'mysql', 'PRIMARY', NULL, 'mysql', 'columns_priv', 'User', 3, NULL, NULL, NULL, NULL),
(NULL, 'mysql', 'PRIMARY', NULL, 'mysql', 'columns_priv', 'Table_name', 4, NULL, NULL, NULL, NULL),
(NULL, 'mysql', 'PRIMARY', NULL, 'mysql', 'columns_priv', 'Column_name', 5, NULL, NULL, NULL, NULL),
(NULL, 'mysql', 'PRIMARY', NULL, 'mysql', 'db', 'Host', 1, NULL, NULL, NULL, NULL),
(NULL, 'mysql', 'PRIMARY', NULL, 'mysql', 'db', 'Db', 2, NULL, NULL, NULL, NULL),
(NULL, 'mysql', 'PRIMARY', NULL, 'mysql', 'db', 'User', 3, NULL, NULL, NULL, NULL),
(NULL, 'mysql', 'PRIMARY', NULL, 'mysql', 'func', 'name', 1, NULL, NULL, NULL, NULL),
(NULL, 'mysql', 'PRIMARY', NULL, 'mysql', 'help_category', 'help_category_id', 1, NULL, NULL, NULL, NULL),
(NULL, 'mysql', 'name', NULL, 'mysql', 'help_category', 'name', 1, NULL, NULL, NULL, NULL),
(NULL, 'mysql', 'PRIMARY', NULL, 'mysql', 'help_keyword', 'help_keyword_id', 1, NULL, NULL, NULL, NULL),
(NULL, 'mysql', 'name', NULL, 'mysql', 'help_keyword', 'name', 1, NULL, NULL, NULL, NULL),
(NULL, 'mysql', 'PRIMARY', NULL, 'mysql', 'help_relation', 'help_keyword_id', 1, NULL, NULL, NULL, NULL),
(NULL, 'mysql', 'PRIMARY', NULL, 'mysql', 'help_relation', 'help_topic_id', 2, NULL, NULL, NULL, NULL),
(NULL, 'mysql', 'PRIMARY', NULL, 'mysql', 'help_topic', 'help_topic_id', 1, NULL, NULL, NULL, NULL),
(NULL, 'mysql', 'name', NULL, 'mysql', 'help_topic', 'name', 1, NULL, NULL, NULL, NULL),
(NULL, 'mysql', 'PRIMARY', NULL, 'mysql', 'host', 'Host', 1, NULL, NULL, NULL, NULL),
(NULL, 'mysql', 'PRIMARY', NULL, 'mysql', 'host', 'Db', 2, NULL, NULL, NULL, NULL),
(NULL, 'mysql', 'PRIMARY', NULL, 'mysql', 'proc', 'db', 1, NULL, NULL, NULL, NULL),
(NULL, 'mysql', 'PRIMARY', NULL, 'mysql', 'proc', 'name', 2, NULL, NULL, NULL, NULL),
(NULL, 'mysql', 'PRIMARY', NULL, 'mysql', 'proc', 'type', 3, NULL, NULL, NULL, NULL),
(NULL, 'mysql', 'PRIMARY', NULL, 'mysql', 'procs_priv', 'Host', 1, NULL, NULL, NULL, NULL),
(NULL, 'mysql', 'PRIMARY', NULL, 'mysql', 'procs_priv', 'Db', 2, NULL, NULL, NULL, NULL),
(NULL, 'mysql', 'PRIMARY', NULL, 'mysql', 'procs_priv', 'User', 3, NULL, NULL, NULL, NULL),
(NULL, 'mysql', 'PRIMARY', NULL, 'mysql', 'procs_priv', 'Routine_name', 4, NULL, NULL, NULL, NULL),
(NULL, 'mysql', 'PRIMARY', NULL, 'mysql', 'procs_priv', 'Routine_type', 5, NULL, NULL, NULL, NULL),
(NULL, 'mysql', 'PRIMARY', NULL, 'mysql', 'tables_priv', 'Host', 1, NULL, NULL, NULL, NULL),
(NULL, 'mysql', 'PRIMARY', NULL, 'mysql', 'tables_priv', 'Db', 2, NULL, NULL, NULL, NULL),
(NULL, 'mysql', 'PRIMARY', NULL, 'mysql', 'tables_priv', 'User', 3, NULL, NULL, NULL, NULL),
(NULL, 'mysql', 'PRIMARY', NULL, 'mysql', 'tables_priv', 'Table_name', 4, NULL, NULL, NULL, NULL),
(NULL, 'mysql', 'PRIMARY', NULL, 'mysql', 'time_zone', 'Time_zone_id', 1, NULL, NULL, NULL, NULL),
(NULL, 'mysql', 'PRIMARY', NULL, 'mysql', 'time_zone_leap_second', 'Transition_time', 1, NULL, NULL, NULL, NULL),
(NULL, 'mysql', 'PRIMARY', NULL, 'mysql', 'time_zone_name', 'Name', 1, NULL, NULL, NULL, NULL),
(NULL, 'mysql', 'PRIMARY', NULL, 'mysql', 'time_zone_transition', 'Time_zone_id', 1, NULL, NULL, NULL, NULL),
(NULL, 'mysql', 'PRIMARY', NULL, 'mysql', 'time_zone_transition', 'Transition_time', 2, NULL, NULL, NULL, NULL),
(NULL, 'mysql', 'PRIMARY', NULL, 'mysql', 'time_zone_transition_type', 'Time_zone_id', 1, NULL, NULL, NULL, NULL),
(NULL, 'mysql', 'PRIMARY', NULL, 'mysql', 'time_zone_transition_type', 'Transition_type_id', 2, NULL, NULL, NULL, NULL),
(NULL, 'mysql', 'PRIMARY', NULL, 'mysql', 'user', 'Host', 1, NULL, NULL, NULL, NULL),
(NULL, 'mysql', 'PRIMARY', NULL, 'mysql', 'user', 'User', 2, NULL, NULL, NULL, NULL),
(NULL, 'phpmyadmin', 'PRIMARY', NULL, 'phpmyadmin', 'pma_bookmark', 'id', 1, NULL, NULL, NULL, NULL),
(NULL, 'phpmyadmin', 'PRIMARY', NULL, 'phpmyadmin', 'pma_column_info', 'id', 1, NULL, NULL, NULL, NULL),
(NULL, 'phpmyadmin', 'db_name', NULL, 'phpmyadmin', 'pma_column_info', 'db_name', 1, NULL, NULL, NULL, NULL),
(NULL, 'phpmyadmin', 'db_name', NULL, 'phpmyadmin', 'pma_column_info', 'table_name', 2, NULL, NULL, NULL, NULL),
(NULL, 'phpmyadmin', 'db_name', NULL, 'phpmyadmin', 'pma_column_info', 'column_name', 3, NULL, NULL, NULL, NULL),
(NULL, 'phpmyadmin', 'PRIMARY', NULL, 'phpmyadmin', 'pma_designer_coords', 'db_name', 1, NULL, NULL, NULL, NULL),
(NULL, 'phpmyadmin', 'PRIMARY', NULL, 'phpmyadmin', 'pma_designer_coords', 'table_name', 2, NULL, NULL, NULL, NULL),
(NULL, 'phpmyadmin', 'PRIMARY', NULL, 'phpmyadmin', 'pma_history', 'id', 1, NULL, NULL, NULL, NULL),
(NULL, 'phpmyadmin', 'PRIMARY', NULL, 'phpmyadmin', 'pma_pdf_pages', 'page_nr', 1, NULL, NULL, NULL, NULL),
(NULL, 'phpmyadmin', 'PRIMARY', NULL, 'phpmyadmin', 'pma_relation', 'master_db', 1, NULL, NULL, NULL, NULL),
(NULL, 'phpmyadmin', 'PRIMARY', NULL, 'phpmyadmin', 'pma_relation', 'master_table', 2, NULL, NULL, NULL, NULL),
(NULL, 'phpmyadmin', 'PRIMARY', NULL, 'phpmyadmin', 'pma_relation', 'master_field', 3, NULL, NULL, NULL, NULL),
(NULL, 'phpmyadmin', 'PRIMARY', NULL, 'phpmyadmin', 'pma_table_coords', 'db_name', 1, NULL, NULL, NULL, NULL),
(NULL, 'phpmyadmin', 'PRIMARY', NULL, 'phpmyadmin', 'pma_table_coords', 'table_name', 2, NULL, NULL, NULL, NULL),
(NULL, 'phpmyadmin', 'PRIMARY', NULL, 'phpmyadmin', 'pma_table_coords', 'pdf_page_number', 3, NULL, NULL, NULL, NULL),
(NULL, 'phpmyadmin', 'PRIMARY', NULL, 'phpmyadmin', 'pma_table_info', 'db_name', 1, NULL, NULL, NULL, NULL),
(NULL, 'phpmyadmin', 'PRIMARY', NULL, 'phpmyadmin', 'pma_table_info', 'table_name', 2, NULL, NULL, NULL, NULL),
(NULL, 'phpmyadmin', 'PRIMARY', NULL, 'phpmyadmin', 'pma_tracking', 'db_name', 1, NULL, NULL, NULL, NULL),
(NULL, 'phpmyadmin', 'PRIMARY', NULL, 'phpmyadmin', 'pma_tracking', 'table_name', 2, NULL, NULL, NULL, NULL),
(NULL, 'phpmyadmin', 'PRIMARY', NULL, 'phpmyadmin', 'pma_tracking', 'version', 3, NULL, NULL, NULL, NULL),
(NULL, 'phpmyadmin', 'PRIMARY', NULL, 'phpmyadmin', 'pma_userconfig', 'username', 1, NULL, NULL, NULL, NULL);

-- --------------------------------------------------------

--
-- Структура таблицы `PROFILING`
--

CREATE TEMPORARY TABLE `PROFILING` (
  `QUERY_ID` bigint(20) NOT NULL default '0',
  `SEQ` bigint(20) NOT NULL default '0',
  `STATE` varchar(30) NOT NULL default '',
  `DURATION` decimal(9,6) NOT NULL default '0.000000',
  `CPU_USER` decimal(9,6) default NULL,
  `CPU_SYSTEM` decimal(9,6) default NULL,
  `CONTEXT_VOLUNTARY` bigint(20) default NULL,
  `CONTEXT_INVOLUNTARY` bigint(20) default NULL,
  `BLOCK_OPS_IN` bigint(20) default NULL,
  `BLOCK_OPS_OUT` bigint(20) default NULL,
  `MESSAGES_SENT` bigint(20) default NULL,
  `MESSAGES_RECEIVED` bigint(20) default NULL,
  `PAGE_FAULTS_MAJOR` bigint(20) default NULL,
  `PAGE_FAULTS_MINOR` bigint(20) default NULL,
  `SWAPS` bigint(20) default NULL,
  `SOURCE_FUNCTION` varchar(30) default NULL,
  `SOURCE_FILE` varchar(20) default NULL,
  `SOURCE_LINE` bigint(20) default NULL
) ENGINE=MEMORY DEFAULT CHARSET=utf8;

-- --------------------------------------------------------

--
-- Структура таблицы `ROUTINES`
--

CREATE TEMPORARY TABLE `ROUTINES` (
  `SPECIFIC_NAME` varchar(64) NOT NULL default '',
  `ROUTINE_CATALOG` varchar(512) default NULL,
  `ROUTINE_SCHEMA` varchar(64) NOT NULL default '',
  `ROUTINE_NAME` varchar(64) NOT NULL default '',
  `ROUTINE_TYPE` varchar(9) NOT NULL default '',
  `DTD_IDENTIFIER` varchar(64) default NULL,
  `ROUTINE_BODY` varchar(8) NOT NULL default '',
  `ROUTINE_DEFINITION` longtext,
  `EXTERNAL_NAME` varchar(64) default NULL,
  `EXTERNAL_LANGUAGE` varchar(64) default NULL,
  `PARAMETER_STYLE` varchar(8) NOT NULL default '',
  `IS_DETERMINISTIC` varchar(3) NOT NULL default '',
  `SQL_DATA_ACCESS` varchar(64) NOT NULL default '',
  `SQL_PATH` varchar(64) default NULL,
  `SECURITY_TYPE` varchar(7) NOT NULL default '',
  `CREATED` datetime NOT NULL default '0000-00-00 00:00:00',
  `LAST_ALTERED` datetime NOT NULL default '0000-00-00 00:00:00',
  `SQL_MODE` longtext NOT NULL,
  `ROUTINE_COMMENT` varchar(64) NOT NULL default '',
  `DEFINER` varchar(77) NOT NULL default ''
) ENGINE=MyISAM DEFAULT CHARSET=utf8;

-- --------------------------------------------------------

--
-- Структура таблицы `SCHEMATA`
--

CREATE TEMPORARY TABLE `SCHEMATA` (
  `CATALOG_NAME` varchar(512) default NULL,
  `SCHEMA_NAME` varchar(64) NOT NULL default '',
  `DEFAULT_CHARACTER_SET_NAME` varchar(64) NOT NULL default '',
  `DEFAULT_COLLATION_NAME` varchar(64) NOT NULL default '',
  `SQL_PATH` varchar(512) default NULL
) ENGINE=MEMORY DEFAULT CHARSET=utf8;

--
-- Дамп данных таблицы `SCHEMATA`
--

INSERT INTO `SCHEMATA` (`CATALOG_NAME`, `SCHEMA_NAME`, `DEFAULT_CHARACTER_SET_NAME`, `DEFAULT_COLLATION_NAME`, `SQL_PATH`) VALUES
(NULL, 'information_schema', 'utf8', 'utf8_general_ci', NULL),
(NULL, 'eventdb', 'utf8', 'utf8_general_ci', NULL),
(NULL, 'mysql', 'cp1251', 'cp1251_general_ci', NULL),
(NULL, 'phpmyadmin', 'cp1251', 'cp1251_general_ci', NULL),
(NULL, 'test', 'cp1251', 'cp1251_general_ci', NULL);

-- --------------------------------------------------------

--
-- Структура таблицы `SCHEMA_PRIVILEGES`
--

CREATE TEMPORARY TABLE `SCHEMA_PRIVILEGES` (
  `GRANTEE` varchar(81) NOT NULL default '',
  `TABLE_CATALOG` varchar(512) default NULL,
  `TABLE_SCHEMA` varchar(64) NOT NULL default '',
  `PRIVILEGE_TYPE` varchar(64) NOT NULL default '',
  `IS_GRANTABLE` varchar(3) NOT NULL default ''
) ENGINE=MEMORY DEFAULT CHARSET=utf8;

-- --------------------------------------------------------

--
-- Структура таблицы `STATISTICS`
--

CREATE TEMPORARY TABLE `STATISTICS` (
  `TABLE_CATALOG` varchar(512) default NULL,
  `TABLE_SCHEMA` varchar(64) NOT NULL default '',
  `TABLE_NAME` varchar(64) NOT NULL default '',
  `NON_UNIQUE` bigint(1) NOT NULL default '0',
  `INDEX_SCHEMA` varchar(64) NOT NULL default '',
  `INDEX_NAME` varchar(64) NOT NULL default '',
  `SEQ_IN_INDEX` bigint(2) NOT NULL default '0',
  `COLUMN_NAME` varchar(64) NOT NULL default '',
  `COLLATION` varchar(1) default NULL,
  `CARDINALITY` bigint(21) default NULL,
  `SUB_PART` bigint(3) default NULL,
  `PACKED` varchar(10) default NULL,
  `NULLABLE` varchar(3) NOT NULL default '',
  `INDEX_TYPE` varchar(16) NOT NULL default '',
  `COMMENT` varchar(16) default NULL
) ENGINE=MEMORY DEFAULT CHARSET=utf8;

--
-- Дамп данных таблицы `STATISTICS`
--

INSERT INTO `STATISTICS` (`TABLE_CATALOG`, `TABLE_SCHEMA`, `TABLE_NAME`, `NON_UNIQUE`, `INDEX_SCHEMA`, `INDEX_NAME`, `SEQ_IN_INDEX`, `COLUMN_NAME`, `COLLATION`, `CARDINALITY`, `SUB_PART`, `PACKED`, `NULLABLE`, `INDEX_TYPE`, `COMMENT`) VALUES
(NULL, 'eventdb', 'adr_birth', 0, 'eventdb', 'PRIMARY', 1, 'id', 'A', 0, NULL, NULL, '', 'BTREE', ''),
(NULL, 'eventdb', 'adr_live', 0, 'eventdb', 'PRIMARY', 1, 'id', 'A', 0, NULL, NULL, '', 'BTREE', ''),
(NULL, 'eventdb', 'adr_other', 0, 'eventdb', 'PRIMARY', 1, 'id', 'A', 0, NULL, NULL, '', 'BTREE', ''),
(NULL, 'eventdb', 'adr_work', 0, 'eventdb', 'PRIMARY', 1, 'id', 'A', 0, NULL, NULL, '', 'BTREE', ''),
(NULL, 'eventdb', 'change_event', 0, 'eventdb', 'PRIMARY', 1, 'id', 'A', 0, NULL, NULL, '', 'BTREE', ''),
(NULL, 'eventdb', 'change_person', 0, 'eventdb', 'PRIMARY', 1, 'id', 'A', 0, NULL, NULL, '', 'BTREE', ''),
(NULL, 'eventdb', 'division', 0, 'eventdb', 'PRIMARY', 1, 'id_division', 'A', 11, NULL, NULL, '', 'BTREE', ''),
(NULL, 'eventdb', 'entity', 0, 'eventdb', 'PRIMARY', 1, 'id_entity', 'A', 2, NULL, NULL, '', 'BTREE', ''),
(NULL, 'eventdb', 'event', 0, 'eventdb', 'PRIMARY', 1, 'id', 'A', 0, NULL, NULL, '', 'BTREE', ''),
(NULL, 'eventdb', 'file_event', 0, 'eventdb', 'PRIMARY', 1, 'id', 'A', 0, NULL, NULL, '', 'BTREE', ''),
(NULL, 'eventdb', 'file_person', 0, 'eventdb', 'PRIMARY', 1, 'id', 'A', 0, NULL, NULL, '', 'BTREE', ''),
(NULL, 'eventdb', 'filial', 0, 'eventdb', 'PRIMARY', 1, 'id_filial', 'A', 55, NULL, NULL, '', 'BTREE', ''),
(NULL, 'eventdb', 'img_person', 0, 'eventdb', 'PRIMARY', 1, 'id_person', 'A', 0, NULL, NULL, '', 'BTREE', ''),
(NULL, 'eventdb', 'information', 0, 'eventdb', 'PRIMARY', 1, 'id', 'A', 0, NULL, NULL, '', 'BTREE', ''),
(NULL, 'eventdb', 'logging', 0, 'eventdb', 'PRIMARY', 1, 'id', 'A', 0, NULL, NULL, '', 'BTREE', ''),
(NULL, 'eventdb', 'logging_user', 0, 'eventdb', 'PRIMARY', 1, 'id', 'A', 0, NULL, NULL, '', 'BTREE', ''),
(NULL, 'eventdb', 'person', 0, 'eventdb', 'PRIMARY', 1, 'id', 'A', 0, NULL, NULL, '', 'BTREE', ''),
(NULL, 'eventdb', 'relation', 0, 'eventdb', 'PRIMARY', 1, 'id', 'A', 0, NULL, NULL, '', 'BTREE', ''),
(NULL, 'eventdb', 'represent', 0, 'eventdb', 'PRIMARY', 1, 'id_rep', 'A', 57, NULL, NULL, '', 'BTREE', ''),
(NULL, 'eventdb', 'users', 0, 'eventdb', 'PRIMARY', 1, 'id', 'A', 0, NULL, NULL, '', 'BTREE', ''),
(NULL, 'eventdb', 'users', 0, 'eventdb', 'email', 1, 'email', 'A', 0, NULL, NULL, '', 'BTREE', ''),
(NULL, 'mysql', 'columns_priv', 0, 'mysql', 'PRIMARY', 1, 'Host', 'A', NULL, NULL, NULL, '', 'BTREE', ''),
(NULL, 'mysql', 'columns_priv', 0, 'mysql', 'PRIMARY', 2, 'Db', 'A', NULL, NULL, NULL, '', 'BTREE', ''),
(NULL, 'mysql', 'columns_priv', 0, 'mysql', 'PRIMARY', 3, 'User', 'A', NULL, NULL, NULL, '', 'BTREE', ''),
(NULL, 'mysql', 'columns_priv', 0, 'mysql', 'PRIMARY', 4, 'Table_name', 'A', NULL, NULL, NULL, '', 'BTREE', ''),
(NULL, 'mysql', 'columns_priv', 0, 'mysql', 'PRIMARY', 5, 'Column_name', 'A', 0, NULL, NULL, '', 'BTREE', ''),
(NULL, 'mysql', 'db', 0, 'mysql', 'PRIMARY', 1, 'Host', 'A', NULL, NULL, NULL, '', 'BTREE', ''),
(NULL, 'mysql', 'db', 0, 'mysql', 'PRIMARY', 2, 'Db', 'A', NULL, NULL, NULL, '', 'BTREE', ''),
(NULL, 'mysql', 'db', 0, 'mysql', 'PRIMARY', 3, 'User', 'A', 0, NULL, NULL, '', 'BTREE', ''),
(NULL, 'mysql', 'db', 1, 'mysql', 'User', 1, 'User', 'A', 0, NULL, NULL, '', 'BTREE', ''),
(NULL, 'mysql', 'func', 0, 'mysql', 'PRIMARY', 1, 'name', 'A', 0, NULL, NULL, '', 'BTREE', ''),
(NULL, 'mysql', 'help_category', 0, 'mysql', 'PRIMARY', 1, 'help_category_id', 'A', 38, NULL, NULL, '', 'BTREE', ''),
(NULL, 'mysql', 'help_category', 0, 'mysql', 'name', 1, 'name', 'A', 38, NULL, NULL, '', 'BTREE', ''),
(NULL, 'mysql', 'help_keyword', 0, 'mysql', 'PRIMARY', 1, 'help_keyword_id', 'A', 404, NULL, NULL, '', 'BTREE', ''),
(NULL, 'mysql', 'help_keyword', 0, 'mysql', 'name', 1, 'name', 'A', 404, NULL, NULL, '', 'BTREE', ''),
(NULL, 'mysql', 'help_relation', 0, 'mysql', 'PRIMARY', 1, 'help_keyword_id', 'A', NULL, NULL, NULL, '', 'BTREE', ''),
(NULL, 'mysql', 'help_relation', 0, 'mysql', 'PRIMARY', 2, 'help_topic_id', 'A', 841, NULL, NULL, '', 'BTREE', ''),
(NULL, 'mysql', 'help_topic', 0, 'mysql', 'PRIMARY', 1, 'help_topic_id', 'A', 479, NULL, NULL, '', 'BTREE', ''),
(NULL, 'mysql', 'help_topic', 0, 'mysql', 'name', 1, 'name', 'A', 479, NULL, NULL, '', 'BTREE', ''),
(NULL, 'mysql', 'host', 0, 'mysql', 'PRIMARY', 1, 'Host', 'A', NULL, NULL, NULL, '', 'BTREE', ''),
(NULL, 'mysql', 'host', 0, 'mysql', 'PRIMARY', 2, 'Db', 'A', 0, NULL, NULL, '', 'BTREE', ''),
(NULL, 'mysql', 'proc', 0, 'mysql', 'PRIMARY', 1, 'db', 'A', NULL, NULL, NULL, '', 'BTREE', ''),
(NULL, 'mysql', 'proc', 0, 'mysql', 'PRIMARY', 2, 'name', 'A', NULL, NULL, NULL, '', 'BTREE', ''),
(NULL, 'mysql', 'proc', 0, 'mysql', 'PRIMARY', 3, 'type', 'A', 0, NULL, NULL, '', 'BTREE', ''),
(NULL, 'mysql', 'procs_priv', 0, 'mysql', 'PRIMARY', 1, 'Host', 'A', NULL, NULL, NULL, '', 'BTREE', ''),
(NULL, 'mysql', 'procs_priv', 0, 'mysql', 'PRIMARY', 2, 'Db', 'A', NULL, NULL, NULL, '', 'BTREE', ''),
(NULL, 'mysql', 'procs_priv', 0, 'mysql', 'PRIMARY', 3, 'User', 'A', NULL, NULL, NULL, '', 'BTREE', ''),
(NULL, 'mysql', 'procs_priv', 0, 'mysql', 'PRIMARY', 4, 'Routine_name', 'A', NULL, NULL, NULL, '', 'BTREE', ''),
(NULL, 'mysql', 'procs_priv', 0, 'mysql', 'PRIMARY', 5, 'Routine_type', 'A', 0, NULL, NULL, '', 'BTREE', ''),
(NULL, 'mysql', 'procs_priv', 1, 'mysql', 'Grantor', 1, 'Grantor', 'A', NULL, NULL, NULL, '', 'BTREE', ''),
(NULL, 'mysql', 'tables_priv', 0, 'mysql', 'PRIMARY', 1, 'Host', 'A', NULL, NULL, NULL, '', 'BTREE', ''),
(NULL, 'mysql', 'tables_priv', 0, 'mysql', 'PRIMARY', 2, 'Db', 'A', NULL, NULL, NULL, '', 'BTREE', ''),
(NULL, 'mysql', 'tables_priv', 0, 'mysql', 'PRIMARY', 3, 'User', 'A', NULL, NULL, NULL, '', 'BTREE', ''),
(NULL, 'mysql', 'tables_priv', 0, 'mysql', 'PRIMARY', 4, 'Table_name', 'A', 0, NULL, NULL, '', 'BTREE', ''),
(NULL, 'mysql', 'tables_priv', 1, 'mysql', 'Grantor', 1, 'Grantor', 'A', NULL, NULL, NULL, '', 'BTREE', ''),
(NULL, 'mysql', 'time_zone', 0, 'mysql', 'PRIMARY', 1, 'Time_zone_id', 'A', 0, NULL, NULL, '', 'BTREE', ''),
(NULL, 'mysql', 'time_zone_leap_second', 0, 'mysql', 'PRIMARY', 1, 'Transition_time', 'A', 0, NULL, NULL, '', 'BTREE', ''),
(NULL, 'mysql', 'time_zone_name', 0, 'mysql', 'PRIMARY', 1, 'Name', 'A', 0, NULL, NULL, '', 'BTREE', ''),
(NULL, 'mysql', 'time_zone_transition', 0, 'mysql', 'PRIMARY', 1, 'Time_zone_id', 'A', NULL, NULL, NULL, '', 'BTREE', ''),
(NULL, 'mysql', 'time_zone_transition', 0, 'mysql', 'PRIMARY', 2, 'Transition_time', 'A', 0, NULL, NULL, '', 'BTREE', ''),
(NULL, 'mysql', 'time_zone_transition_type', 0, 'mysql', 'PRIMARY', 1, 'Time_zone_id', 'A', NULL, NULL, NULL, '', 'BTREE', ''),
(NULL, 'mysql', 'time_zone_transition_type', 0, 'mysql', 'PRIMARY', 2, 'Transition_type_id', 'A', 0, NULL, NULL, '', 'BTREE', ''),
(NULL, 'mysql', 'user', 0, 'mysql', 'PRIMARY', 1, 'Host', 'A', NULL, NULL, NULL, '', 'BTREE', ''),
(NULL, 'mysql', 'user', 0, 'mysql', 'PRIMARY', 2, 'User', 'A', 2, NULL, NULL, '', 'BTREE', ''),
(NULL, 'phpmyadmin', 'pma_bookmark', 0, 'phpmyadmin', 'PRIMARY', 1, 'id', 'A', 0, NULL, NULL, '', 'BTREE', ''),
(NULL, 'phpmyadmin', 'pma_column_info', 0, 'phpmyadmin', 'PRIMARY', 1, 'id', 'A', 0, NULL, NULL, '', 'BTREE', ''),
(NULL, 'phpmyadmin', 'pma_column_info', 0, 'phpmyadmin', 'db_name', 1, 'db_name', 'A', NULL, NULL, NULL, '', 'BTREE', ''),
(NULL, 'phpmyadmin', 'pma_column_info', 0, 'phpmyadmin', 'db_name', 2, 'table_name', 'A', NULL, NULL, NULL, '', 'BTREE', ''),
(NULL, 'phpmyadmin', 'pma_column_info', 0, 'phpmyadmin', 'db_name', 3, 'column_name', 'A', 0, NULL, NULL, '', 'BTREE', ''),
(NULL, 'phpmyadmin', 'pma_designer_coords', 0, 'phpmyadmin', 'PRIMARY', 1, 'db_name', 'A', NULL, NULL, NULL, '', 'BTREE', ''),
(NULL, 'phpmyadmin', 'pma_designer_coords', 0, 'phpmyadmin', 'PRIMARY', 2, 'table_name', 'A', 0, NULL, NULL, '', 'BTREE', ''),
(NULL, 'phpmyadmin', 'pma_history', 0, 'phpmyadmin', 'PRIMARY', 1, 'id', 'A', 0, NULL, NULL, '', 'BTREE', ''),
(NULL, 'phpmyadmin', 'pma_history', 1, 'phpmyadmin', 'username', 1, 'username', 'A', NULL, NULL, NULL, '', 'BTREE', ''),
(NULL, 'phpmyadmin', 'pma_history', 1, 'phpmyadmin', 'username', 2, 'db', 'A', NULL, NULL, NULL, '', 'BTREE', ''),
(NULL, 'phpmyadmin', 'pma_history', 1, 'phpmyadmin', 'username', 3, 'table', 'A', NULL, NULL, NULL, '', 'BTREE', ''),
(NULL, 'phpmyadmin', 'pma_history', 1, 'phpmyadmin', 'username', 4, 'timevalue', 'A', NULL, NULL, NULL, '', 'BTREE', ''),
(NULL, 'phpmyadmin', 'pma_pdf_pages', 0, 'phpmyadmin', 'PRIMARY', 1, 'page_nr', 'A', 0, NULL, NULL, '', 'BTREE', ''),
(NULL, 'phpmyadmin', 'pma_pdf_pages', 1, 'phpmyadmin', 'db_name', 1, 'db_name', 'A', NULL, NULL, NULL, '', 'BTREE', ''),
(NULL, 'phpmyadmin', 'pma_relation', 0, 'phpmyadmin', 'PRIMARY', 1, 'master_db', 'A', NULL, NULL, NULL, '', 'BTREE', ''),
(NULL, 'phpmyadmin', 'pma_relation', 0, 'phpmyadmin', 'PRIMARY', 2, 'master_table', 'A', NULL, NULL, NULL, '', 'BTREE', ''),
(NULL, 'phpmyadmin', 'pma_relation', 0, 'phpmyadmin', 'PRIMARY', 3, 'master_field', 'A', 0, NULL, NULL, '', 'BTREE', ''),
(NULL, 'phpmyadmin', 'pma_relation', 1, 'phpmyadmin', 'foreign_field', 1, 'foreign_db', 'A', NULL, NULL, NULL, '', 'BTREE', ''),
(NULL, 'phpmyadmin', 'pma_relation', 1, 'phpmyadmin', 'foreign_field', 2, 'foreign_table', 'A', NULL, NULL, NULL, '', 'BTREE', ''),
(NULL, 'phpmyadmin', 'pma_table_coords', 0, 'phpmyadmin', 'PRIMARY', 1, 'db_name', 'A', NULL, NULL, NULL, '', 'BTREE', ''),
(NULL, 'phpmyadmin', 'pma_table_coords', 0, 'phpmyadmin', 'PRIMARY', 2, 'table_name', 'A', NULL, NULL, NULL, '', 'BTREE', ''),
(NULL, 'phpmyadmin', 'pma_table_coords', 0, 'phpmyadmin', 'PRIMARY', 3, 'pdf_page_number', 'A', 0, NULL, NULL, '', 'BTREE', ''),
(NULL, 'phpmyadmin', 'pma_table_info', 0, 'phpmyadmin', 'PRIMARY', 1, 'db_name', 'A', NULL, NULL, NULL, '', 'BTREE', ''),
(NULL, 'phpmyadmin', 'pma_table_info', 0, 'phpmyadmin', 'PRIMARY', 2, 'table_name', 'A', 0, NULL, NULL, '', 'BTREE', ''),
(NULL, 'phpmyadmin', 'pma_tracking', 0, 'phpmyadmin', 'PRIMARY', 1, 'db_name', 'A', NULL, NULL, NULL, '', 'BTREE', ''),
(NULL, 'phpmyadmin', 'pma_tracking', 0, 'phpmyadmin', 'PRIMARY', 2, 'table_name', 'A', NULL, NULL, NULL, '', 'BTREE', ''),
(NULL, 'phpmyadmin', 'pma_tracking', 0, 'phpmyadmin', 'PRIMARY', 3, 'version', 'A', 0, NULL, NULL, '', 'BTREE', ''),
(NULL, 'phpmyadmin', 'pma_userconfig', 0, 'phpmyadmin', 'PRIMARY', 1, 'username', 'A', 1, NULL, NULL, '', 'BTREE', '');

-- --------------------------------------------------------

--
-- Структура таблицы `TABLES`
--

CREATE TEMPORARY TABLE `TABLES` (
  `TABLE_CATALOG` varchar(512) default NULL,
  `TABLE_SCHEMA` varchar(64) NOT NULL default '',
  `TABLE_NAME` varchar(64) NOT NULL default '',
  `TABLE_TYPE` varchar(64) NOT NULL default '',
  `ENGINE` varchar(64) default NULL,
  `VERSION` bigint(21) default NULL,
  `ROW_FORMAT` varchar(10) default NULL,
  `TABLE_ROWS` bigint(21) default NULL,
  `AVG_ROW_LENGTH` bigint(21) default NULL,
  `DATA_LENGTH` bigint(21) default NULL,
  `MAX_DATA_LENGTH` bigint(21) default NULL,
  `INDEX_LENGTH` bigint(21) default NULL,
  `DATA_FREE` bigint(21) default NULL,
  `AUTO_INCREMENT` bigint(21) default NULL,
  `CREATE_TIME` datetime default NULL,
  `UPDATE_TIME` datetime default NULL,
  `CHECK_TIME` datetime default NULL,
  `TABLE_COLLATION` varchar(64) default NULL,
  `CHECKSUM` bigint(21) default NULL,
  `CREATE_OPTIONS` varchar(255) default NULL,
  `TABLE_COMMENT` varchar(80) NOT NULL default ''
) ENGINE=MEMORY DEFAULT CHARSET=utf8;

--
-- Дамп данных таблицы `TABLES`
--

INSERT INTO `TABLES` (`TABLE_CATALOG`, `TABLE_SCHEMA`, `TABLE_NAME`, `TABLE_TYPE`, `ENGINE`, `VERSION`, `ROW_FORMAT`, `TABLE_ROWS`, `AVG_ROW_LENGTH`, `DATA_LENGTH`, `MAX_DATA_LENGTH`, `INDEX_LENGTH`, `DATA_FREE`, `AUTO_INCREMENT`, `CREATE_TIME`, `UPDATE_TIME`, `CHECK_TIME`, `TABLE_COLLATION`, `CHECKSUM`, `CREATE_OPTIONS`, `TABLE_COMMENT`) VALUES
(NULL, 'information_schema', 'CHARACTER_SETS', 'SYSTEM VIEW', 'MEMORY', 0, 'Fixed', NULL, 576, 0, 16661376, 0, 0, NULL, NULL, NULL, NULL, 'utf8_general_ci', NULL, 'max_rows=29127', ''),
(NULL, 'information_schema', 'COLLATIONS', 'SYSTEM VIEW', 'MEMORY', 0, 'Fixed', NULL, 423, 0, 16737264, 0, 0, NULL, NULL, NULL, NULL, 'utf8_general_ci', NULL, 'max_rows=39662', ''),
(NULL, 'information_schema', 'COLLATION_CHARACTER_SET_APPLICABILITY', 'SYSTEM VIEW', 'MEMORY', 0, 'Fixed', NULL, 387, 0, 16733880, 0, 0, NULL, NULL, NULL, NULL, 'utf8_general_ci', NULL, 'max_rows=43351', ''),
(NULL, 'information_schema', 'COLUMNS', 'SYSTEM VIEW', 'MyISAM', 0, 'Dynamic', NULL, 0, 0, 281474976710655, 1024, 0, NULL, '2023-07-16 21:19:13', '2023-07-16 21:19:13', NULL, 'utf8_general_ci', NULL, 'max_rows=28052', ''),
(NULL, 'information_schema', 'COLUMN_PRIVILEGES', 'SYSTEM VIEW', 'MEMORY', 0, 'Fixed', NULL, 2565, 0, 16757145, 0, 0, NULL, NULL, NULL, NULL, 'utf8_general_ci', NULL, 'max_rows=6540', ''),
(NULL, 'information_schema', 'KEY_COLUMN_USAGE', 'SYSTEM VIEW', 'MEMORY', 0, 'Fixed', NULL, 4637, 0, 16762755, 0, 0, NULL, NULL, NULL, NULL, 'utf8_general_ci', NULL, 'max_rows=3618', ''),
(NULL, 'information_schema', 'PROFILING', 'SYSTEM VIEW', 'MEMORY', 0, 'Fixed', NULL, 356, 0, 16590668, 0, 0, NULL, NULL, NULL, NULL, 'utf8_general_ci', NULL, 'max_rows=47127', ''),
(NULL, 'information_schema', 'ROUTINES', 'SYSTEM VIEW', 'MyISAM', 0, 'Dynamic', NULL, 0, 0, 281474976710655, 1024, 0, NULL, '2023-07-16 21:19:13', '2023-07-16 21:19:13', NULL, 'utf8_general_ci', NULL, 'max_rows=29525', ''),
(NULL, 'information_schema', 'SCHEMATA', 'SYSTEM VIEW', 'MEMORY', 0, 'Fixed', NULL, 3656, 0, 16755448, 0, 0, NULL, NULL, NULL, NULL, 'utf8_general_ci', NULL, 'max_rows=4588', ''),
(NULL, 'information_schema', 'SCHEMA_PRIVILEGES', 'SYSTEM VIEW', 'MEMORY', 0, 'Fixed', NULL, 2179, 0, 16767405, 0, 0, NULL, NULL, NULL, NULL, 'utf8_general_ci', NULL, 'max_rows=7699', ''),
(NULL, 'information_schema', 'STATISTICS', 'SYSTEM VIEW', 'MEMORY', 0, 'Fixed', NULL, 2679, 0, 16770540, 0, 0, NULL, NULL, NULL, NULL, 'utf8_general_ci', NULL, 'max_rows=6262', ''),
(NULL, 'information_schema', 'TABLES', 'SYSTEM VIEW', 'MEMORY', 0, 'Fixed', NULL, 3641, 0, 16763164, 0, 0, NULL, NULL, NULL, NULL, 'utf8_general_ci', NULL, 'max_rows=4607', ''),
(NULL, 'information_schema', 'TABLE_CONSTRAINTS', 'SYSTEM VIEW', 'MEMORY', 0, 'Fixed', NULL, 2504, 0, 16749256, 0, 0, NULL, NULL, NULL, NULL, 'utf8_general_ci', NULL, 'max_rows=6700', ''),
(NULL, 'information_schema', 'TABLE_PRIVILEGES', 'SYSTEM VIEW', 'MEMORY', 0, 'Fixed', NULL, 2372, 0, 16748692, 0, 0, NULL, NULL, NULL, NULL, 'utf8_general_ci', NULL, 'max_rows=7073', ''),
(NULL, 'information_schema', 'TRIGGERS', 'SYSTEM VIEW', 'MyISAM', 0, 'Dynamic', NULL, 0, 0, 281474976710655, 1024, 0, NULL, '2023-07-16 21:19:13', '2023-07-16 21:19:13', NULL, 'utf8_general_ci', NULL, 'max_rows=24630', ''),
(NULL, 'information_schema', 'USER_PRIVILEGES', 'SYSTEM VIEW', 'MEMORY', 0, 'Fixed', NULL, 1986, 0, 16759854, 0, 0, NULL, NULL, NULL, NULL, 'utf8_general_ci', NULL, 'max_rows=8447', ''),
(NULL, 'information_schema', 'VIEWS', 'SYSTEM VIEW', 'MyISAM', 0, 'Dynamic', NULL, 0, 0, 281474976710655, 1024, 0, NULL, '2023-07-16 21:19:13', '2023-07-16 21:19:13', NULL, 'utf8_general_ci', NULL, 'max_rows=48519', ''),
(NULL, 'eventdb', 'adr_birth', 'BASE TABLE', 'MyISAM', 10, 'Dynamic', 0, 0, 0, 281474976710655, 1024, 0, 1, '2023-07-16 21:18:04', '2023-07-16 21:18:04', NULL, 'utf8_general_ci', NULL, '', 'Таблица мест рождений'),
(NULL, 'eventdb', 'adr_live', 'BASE TABLE', 'MyISAM', 10, 'Dynamic', 0, 0, 0, 281474976710655, 1024, 0, 1, '2023-07-16 21:18:04', '2023-07-16 21:18:04', NULL, 'utf8_general_ci', NULL, '', 'Таблица мест жительства'),
(NULL, 'eventdb', 'adr_other', 'BASE TABLE', 'MyISAM', 10, 'Dynamic', 0, 0, 0, 281474976710655, 1024, 0, 1, '2023-07-16 21:18:04', '2023-07-16 21:18:04', NULL, 'utf8_general_ci', NULL, '', 'Таблица прочих мест'),
(NULL, 'eventdb', 'adr_work', 'BASE TABLE', 'MyISAM', 10, 'Dynamic', 0, 0, 0, 281474976710655, 1024, 0, 1, '2023-07-16 21:18:04', '2023-07-16 21:18:04', NULL, 'utf8_general_ci', NULL, '', 'Таблица мест работы'),
(NULL, 'eventdb', 'change_event', 'BASE TABLE', 'MyISAM', 10, 'Dynamic', 0, 0, 0, 281474976710655, 1024, 0, 1, '2023-07-16 21:18:04', '2023-07-16 21:18:04', NULL, 'utf8_general_ci', NULL, '', 'Таблица изменений событий'),
(NULL, 'eventdb', 'change_person', 'BASE TABLE', 'MyISAM', 10, 'Dynamic', 0, 0, 0, 281474976710655, 1024, 0, 1, '2023-07-16 21:18:04', '2023-07-16 21:18:04', NULL, 'cp1251_general_ci', NULL, '', 'Таблица изменений описаний лиц'),
(NULL, 'eventdb', 'division', 'BASE TABLE', 'MyISAM', 10, 'Dynamic', 11, 28, 308, 281474976710655, 2048, 0, 12, '2023-07-02 10:57:00', '2023-07-02 10:57:06', NULL, 'utf8_general_ci', NULL, '', 'Таблица дивизионов'),
(NULL, 'eventdb', 'entity', 'BASE TABLE', 'MyISAM', 10, 'Dynamic', 2, 20, 40, 281474976710655, 2048, 0, 3, '2023-07-02 10:57:00', '2023-07-02 10:57:06', NULL, 'utf8_general_ci', NULL, '', 'Таблица юридических лиц'),
(NULL, 'eventdb', 'event', 'BASE TABLE', 'MyISAM', 10, 'Dynamic', 0, 0, 0, 281474976710655, 1024, 0, 1, '2023-07-16 21:18:04', '2023-07-16 21:18:04', NULL, 'utf8_general_ci', NULL, '', 'Таблица событий'),
(NULL, 'eventdb', 'file_event', 'BASE TABLE', 'MyISAM', 10, 'Dynamic', 0, 0, 0, 281474976710655, 1024, 0, 1, '2023-07-16 21:18:04', '2023-07-16 21:18:04', NULL, 'utf8_general_ci', NULL, '', 'Таблица файлов событий'),
(NULL, 'eventdb', 'file_person', 'BASE TABLE', 'MyISAM', 10, 'Dynamic', 0, 0, 0, 281474976710655, 1024, 0, 1, '2023-07-16 21:18:04', '2023-07-16 21:18:04', NULL, 'utf8_general_ci', NULL, '', 'Таблица файлов лиц'),
(NULL, 'eventdb', 'filial', 'BASE TABLE', 'MyISAM', 10, 'Dynamic', 55, 30, 1656, 281474976710655, 2048, 0, 91, '2023-07-02 10:57:00', '2023-07-02 11:01:15', NULL, 'utf8_general_ci', NULL, '', 'Таблица филиалов'),
(NULL, 'eventdb', 'img_person', 'BASE TABLE', 'MyISAM', 10, 'Dynamic', 0, 0, 0, 281474976710655, 1024, 0, NULL, '2023-07-16 21:18:04', '2023-07-16 21:18:04', NULL, 'utf8_general_ci', NULL, '', 'Таблица изображений лиц'),
(NULL, 'eventdb', 'information', 'BASE TABLE', 'MyISAM', 10, 'Dynamic', 0, 0, 0, 281474976710655, 1024, 0, 1, '2023-07-16 21:18:04', '2023-07-16 21:18:04', NULL, 'utf8_general_ci', NULL, '', 'Таблица информации'),
(NULL, 'eventdb', 'logging', 'BASE TABLE', 'MyISAM', 10, 'Dynamic', 0, 0, 0, 281474976710655, 1024, 0, 1, '2023-07-16 21:18:04', '2023-07-16 21:18:04', NULL, 'utf8_general_ci', NULL, '', 'Логирование действий'),
(NULL, 'eventdb', 'logging_user', 'BASE TABLE', 'MyISAM', 10, 'Dynamic', 0, 0, 0, 281474976710655, 1024, 0, 1, '2023-07-16 21:18:04', '2023-07-16 21:18:04', NULL, 'utf8_general_ci', NULL, '', 'Таблица логирования входа/выхода'),
(NULL, 'eventdb', 'person', 'BASE TABLE', 'MyISAM', 10, 'Dynamic', 0, 0, 0, 281474976710655, 1024, 0, 1, '2023-07-16 21:18:04', '2023-07-16 21:18:04', NULL, 'utf8_general_ci', NULL, '', 'Таблица лиц'),
(NULL, 'eventdb', 'relation', 'BASE TABLE', 'MyISAM', 10, 'Dynamic', 0, 0, 0, 281474976710655, 1024, 0, 1, '2023-07-16 21:18:04', '2023-07-16 21:18:04', NULL, 'utf8_general_ci', NULL, '', 'Таблица отношений'),
(NULL, 'eventdb', 'represent', 'BASE TABLE', 'MyISAM', 10, 'Dynamic', 57, 88, 5024, 281474976710655, 2048, 0, NULL, '2023-07-02 10:57:00', '2023-07-02 11:01:15', NULL, 'utf8_general_ci', NULL, '', 'Таблица представительств'),
(NULL, 'eventdb', 'users', 'BASE TABLE', 'MyISAM', 10, 'Dynamic', 0, 0, 0, 281474976710655, 1024, 0, 1, '2023-07-16 21:18:04', '2023-07-16 21:18:04', NULL, 'cp1251_general_ci', NULL, '', ''),
(NULL, 'mysql', 'columns_priv', 'BASE TABLE', 'MyISAM', 10, 'Fixed', 0, 0, 0, 227994731135631359, 1024, 0, NULL, '2008-08-04 12:32:22', '2008-08-04 10:32:22', NULL, 'utf8_bin', NULL, '', 'Column privileges'),
(NULL, 'mysql', 'db', 'BASE TABLE', 'MyISAM', 10, 'Fixed', 0, 0, 876, 123286039799267327, 4096, 876, NULL, '2008-08-04 12:32:22', '2023-07-02 11:01:15', '2008-08-04 12:32:23', 'utf8_bin', NULL, '', 'Database privileges'),
(NULL, 'mysql', 'func', 'BASE TABLE', 'MyISAM', 10, 'Fixed', 0, 0, 0, 162974011515469823, 1024, 0, NULL, '2008-08-04 12:32:22', '2008-08-04 10:32:22', NULL, 'utf8_bin', NULL, '', 'User defined functions'),
(NULL, 'mysql', 'help_category', 'BASE TABLE', 'MyISAM', 10, 'Fixed', 38, 581, 22078, 163536961468891135, 3072, 0, NULL, '2008-08-04 12:32:22', '2008-08-04 10:32:24', NULL, 'utf8_general_ci', NULL, '', 'help categories'),
(NULL, 'mysql', 'help_keyword', 'BASE TABLE', 'MyISAM', 10, 'Fixed', 404, 197, 79588, 55450570411999231, 14336, 0, NULL, '2008-08-04 12:32:23', '2008-08-04 10:32:24', NULL, 'utf8_general_ci', NULL, '', 'help keywords'),
(NULL, 'mysql', 'help_relation', 'BASE TABLE', 'MyISAM', 10, 'Fixed', 841, 9, 7569, 2533274790395903, 16384, 0, NULL, '2008-08-04 12:32:22', '2008-08-04 10:32:24', NULL, 'utf8_general_ci', NULL, '', 'keyword-topic relation'),
(NULL, 'mysql', 'help_topic', 'BASE TABLE', 'MyISAM', 10, 'Dynamic', 479, 761, 364580, 281474976710655, 17408, 0, NULL, '2008-08-04 12:32:22', '2008-08-04 10:32:24', NULL, 'utf8_general_ci', NULL, '', 'help topics'),
(NULL, 'mysql', 'host', 'BASE TABLE', 'MyISAM', 10, 'Fixed', 0, 0, 0, 109775240917155839, 1024, 0, NULL, '2008-08-04 12:32:22', '2008-08-04 10:32:22', NULL, 'utf8_bin', NULL, '', 'Host privileges;  Merged with database privileges'),
(NULL, 'mysql', 'proc', 'BASE TABLE', 'MyISAM', 10, 'Dynamic', 0, 0, 0, 281474976710655, 1024, 0, NULL, '2008-08-04 12:32:23', '2008-08-04 10:32:24', NULL, 'utf8_general_ci', NULL, '', 'Stored Procedures'),
(NULL, 'mysql', 'procs_priv', 'BASE TABLE', 'MyISAM', 10, 'Fixed', 0, 0, 0, 239253730204057599, 1024, 0, NULL, '2008-08-04 12:32:23', '2008-08-04 10:32:24', NULL, 'utf8_bin', NULL, '', 'Procedure privileges'),
(NULL, 'mysql', 'tables_priv', 'BASE TABLE', 'MyISAM', 10, 'Fixed', 0, 0, 0, 239535205180768255, 1024, 0, NULL, '2008-08-04 12:32:22', '2008-08-04 10:32:22', NULL, 'utf8_bin', NULL, '', 'Table privileges'),
(NULL, 'mysql', 'time_zone', 'BASE TABLE', 'MyISAM', 10, 'Fixed', 0, 0, 0, 1970324836974591, 1024, 0, 1, '2008-08-04 12:32:23', '2008-08-04 10:32:24', NULL, 'utf8_general_ci', NULL, '', 'Time zones'),
(NULL, 'mysql', 'time_zone_leap_second', 'BASE TABLE', 'MyISAM', 10, 'Fixed', 0, 0, 0, 3659174697238527, 1024, 0, NULL, '2008-08-04 12:32:23', '2008-08-04 10:32:24', NULL, 'utf8_general_ci', NULL, '', 'Leap seconds information for time zones'),
(NULL, 'mysql', 'time_zone_name', 'BASE TABLE', 'MyISAM', 10, 'Fixed', 0, 0, 0, 55450570411999231, 1024, 0, NULL, '2008-08-04 12:32:23', '2008-08-04 10:32:24', NULL, 'utf8_general_ci', NULL, '', 'Time zone names'),
(NULL, 'mysql', 'time_zone_transition', 'BASE TABLE', 'MyISAM', 10, 'Fixed', 0, 0, 0, 4785074604081151, 1024, 0, NULL, '2008-08-04 12:32:23', '2008-08-04 10:32:24', NULL, 'utf8_general_ci', NULL, '', 'Time zone transitions'),
(NULL, 'mysql', 'time_zone_transition_type', 'BASE TABLE', 'MyISAM', 10, 'Fixed', 0, 0, 0, 10696049115004927, 1024, 0, NULL, '2008-08-04 12:32:23', '2008-08-04 10:32:24', NULL, 'utf8_general_ci', NULL, '', 'Time zone transition types'),
(NULL, 'mysql', 'user', 'BASE TABLE', 'MyISAM', 10, 'Dynamic', 2, 102, 252, 281474976710655, 2048, 48, NULL, '2008-08-04 12:32:22', '2023-07-02 11:01:15', NULL, 'utf8_bin', NULL, '', 'Users and global privileges'),
(NULL, 'phpmyadmin', 'pma_bookmark', 'BASE TABLE', 'MyISAM', 10, 'Dynamic', 0, 0, 0, 281474976710655, 1024, 0, 1, '2023-07-02 10:53:22', '2023-07-02 10:53:22', NULL, 'utf8_bin', NULL, '', 'Bookmarks'),
(NULL, 'phpmyadmin', 'pma_column_info', 'BASE TABLE', 'MyISAM', 10, 'Dynamic', 0, 0, 0, 281474976710655, 1024, 0, 1, '2023-07-02 10:53:22', '2023-07-02 10:53:22', NULL, 'utf8_bin', NULL, '', 'Column information for phpMyAdmin'),
(NULL, 'phpmyadmin', 'pma_designer_coords', 'BASE TABLE', 'MyISAM', 10, 'Dynamic', 0, 0, 0, 281474976710655, 1024, 0, NULL, '2023-07-02 10:53:22', '2023-07-02 10:53:22', NULL, 'utf8_bin', NULL, '', 'Table coordinates for Designer'),
(NULL, 'phpmyadmin', 'pma_history', 'BASE TABLE', 'MyISAM', 10, 'Dynamic', 0, 0, 0, 281474976710655, 1024, 0, 1, '2023-07-02 10:53:22', '2023-07-02 10:53:22', NULL, 'utf8_bin', NULL, '', 'SQL history for phpMyAdmin'),
(NULL, 'phpmyadmin', 'pma_pdf_pages', 'BASE TABLE', 'MyISAM', 10, 'Dynamic', 0, 0, 0, 281474976710655, 1024, 0, 1, '2023-07-02 10:53:22', '2023-07-02 10:53:22', NULL, 'utf8_bin', NULL, '', 'PDF relation pages for phpMyAdmin'),
(NULL, 'phpmyadmin', 'pma_relation', 'BASE TABLE', 'MyISAM', 10, 'Dynamic', 0, 0, 0, 281474976710655, 1024, 0, NULL, '2023-07-02 10:53:22', '2023-07-02 10:53:22', NULL, 'utf8_bin', NULL, '', 'Relation table'),
(NULL, 'phpmyadmin', 'pma_table_coords', 'BASE TABLE', 'MyISAM', 10, 'Dynamic', 0, 0, 0, 281474976710655, 1024, 0, NULL, '2023-07-02 10:53:22', '2023-07-02 10:53:22', NULL, 'utf8_bin', NULL, '', 'Table coordinates for phpMyAdmin PDF output'),
(NULL, 'phpmyadmin', 'pma_table_info', 'BASE TABLE', 'MyISAM', 10, 'Dynamic', 0, 0, 0, 281474976710655, 1024, 0, NULL, '2023-07-02 10:53:22', '2023-07-02 10:53:22', NULL, 'utf8_bin', NULL, '', 'Table information for phpMyAdmin'),
(NULL, 'phpmyadmin', 'pma_tracking', 'BASE TABLE', 'MyISAM', 10, 'Dynamic', 0, 0, 0, 281474976710655, 1024, 0, NULL, '2023-07-02 10:53:22', '2023-07-02 10:53:22', NULL, 'utf8_bin', NULL, 'row_format=COMPACT', ''),
(NULL, 'phpmyadmin', 'pma_userconfig', 'BASE TABLE', 'MyISAM', 10, 'Dynamic', 1, 28, 28, 281474976710655, 2048, 0, NULL, '2023-07-02 10:53:22', '2023-07-02 16:16:35', NULL, 'utf8_bin', NULL, '', 'User preferences storage for phpMyAdmin');

-- --------------------------------------------------------

--
-- Структура таблицы `TABLE_CONSTRAINTS`
--

CREATE TEMPORARY TABLE `TABLE_CONSTRAINTS` (
  `CONSTRAINT_CATALOG` varchar(512) default NULL,
  `CONSTRAINT_SCHEMA` varchar(64) NOT NULL default '',
  `CONSTRAINT_NAME` varchar(64) NOT NULL default '',
  `TABLE_SCHEMA` varchar(64) NOT NULL default '',
  `TABLE_NAME` varchar(64) NOT NULL default '',
  `CONSTRAINT_TYPE` varchar(64) NOT NULL default ''
) ENGINE=MEMORY DEFAULT CHARSET=utf8;

--
-- Дамп данных таблицы `TABLE_CONSTRAINTS`
--

INSERT INTO `TABLE_CONSTRAINTS` (`CONSTRAINT_CATALOG`, `CONSTRAINT_SCHEMA`, `CONSTRAINT_NAME`, `TABLE_SCHEMA`, `TABLE_NAME`, `CONSTRAINT_TYPE`) VALUES
(NULL, 'eventdb', 'PRIMARY', 'eventdb', 'adr_birth', 'PRIMARY KEY'),
(NULL, 'eventdb', 'PRIMARY', 'eventdb', 'adr_live', 'PRIMARY KEY'),
(NULL, 'eventdb', 'PRIMARY', 'eventdb', 'adr_other', 'PRIMARY KEY'),
(NULL, 'eventdb', 'PRIMARY', 'eventdb', 'adr_work', 'PRIMARY KEY'),
(NULL, 'eventdb', 'PRIMARY', 'eventdb', 'change_event', 'PRIMARY KEY'),
(NULL, 'eventdb', 'PRIMARY', 'eventdb', 'change_person', 'PRIMARY KEY'),
(NULL, 'eventdb', 'PRIMARY', 'eventdb', 'division', 'PRIMARY KEY'),
(NULL, 'eventdb', 'PRIMARY', 'eventdb', 'entity', 'PRIMARY KEY'),
(NULL, 'eventdb', 'PRIMARY', 'eventdb', 'event', 'PRIMARY KEY'),
(NULL, 'eventdb', 'PRIMARY', 'eventdb', 'file_event', 'PRIMARY KEY'),
(NULL, 'eventdb', 'PRIMARY', 'eventdb', 'file_person', 'PRIMARY KEY'),
(NULL, 'eventdb', 'PRIMARY', 'eventdb', 'filial', 'PRIMARY KEY'),
(NULL, 'eventdb', 'PRIMARY', 'eventdb', 'img_person', 'PRIMARY KEY'),
(NULL, 'eventdb', 'PRIMARY', 'eventdb', 'information', 'PRIMARY KEY'),
(NULL, 'eventdb', 'PRIMARY', 'eventdb', 'logging', 'PRIMARY KEY'),
(NULL, 'eventdb', 'PRIMARY', 'eventdb', 'logging_user', 'PRIMARY KEY'),
(NULL, 'eventdb', 'PRIMARY', 'eventdb', 'person', 'PRIMARY KEY'),
(NULL, 'eventdb', 'PRIMARY', 'eventdb', 'relation', 'PRIMARY KEY'),
(NULL, 'eventdb', 'PRIMARY', 'eventdb', 'represent', 'PRIMARY KEY'),
(NULL, 'eventdb', 'PRIMARY', 'eventdb', 'users', 'PRIMARY KEY'),
(NULL, 'eventdb', 'email', 'eventdb', 'users', 'UNIQUE'),
(NULL, 'mysql', 'PRIMARY', 'mysql', 'columns_priv', 'PRIMARY KEY'),
(NULL, 'mysql', 'PRIMARY', 'mysql', 'db', 'PRIMARY KEY'),
(NULL, 'mysql', 'PRIMARY', 'mysql', 'func', 'PRIMARY KEY'),
(NULL, 'mysql', 'PRIMARY', 'mysql', 'help_category', 'PRIMARY KEY'),
(NULL, 'mysql', 'name', 'mysql', 'help_category', 'UNIQUE'),
(NULL, 'mysql', 'PRIMARY', 'mysql', 'help_keyword', 'PRIMARY KEY'),
(NULL, 'mysql', 'name', 'mysql', 'help_keyword', 'UNIQUE'),
(NULL, 'mysql', 'PRIMARY', 'mysql', 'help_relation', 'PRIMARY KEY'),
(NULL, 'mysql', 'PRIMARY', 'mysql', 'help_topic', 'PRIMARY KEY'),
(NULL, 'mysql', 'name', 'mysql', 'help_topic', 'UNIQUE'),
(NULL, 'mysql', 'PRIMARY', 'mysql', 'host', 'PRIMARY KEY'),
(NULL, 'mysql', 'PRIMARY', 'mysql', 'proc', 'PRIMARY KEY'),
(NULL, 'mysql', 'PRIMARY', 'mysql', 'procs_priv', 'PRIMARY KEY'),
(NULL, 'mysql', 'PRIMARY', 'mysql', 'tables_priv', 'PRIMARY KEY'),
(NULL, 'mysql', 'PRIMARY', 'mysql', 'time_zone', 'PRIMARY KEY'),
(NULL, 'mysql', 'PRIMARY', 'mysql', 'time_zone_leap_second', 'PRIMARY KEY'),
(NULL, 'mysql', 'PRIMARY', 'mysql', 'time_zone_name', 'PRIMARY KEY'),
(NULL, 'mysql', 'PRIMARY', 'mysql', 'time_zone_transition', 'PRIMARY KEY'),
(NULL, 'mysql', 'PRIMARY', 'mysql', 'time_zone_transition_type', 'PRIMARY KEY'),
(NULL, 'mysql', 'PRIMARY', 'mysql', 'user', 'PRIMARY KEY'),
(NULL, 'phpmyadmin', 'PRIMARY', 'phpmyadmin', 'pma_bookmark', 'PRIMARY KEY'),
(NULL, 'phpmyadmin', 'PRIMARY', 'phpmyadmin', 'pma_column_info', 'PRIMARY KEY'),
(NULL, 'phpmyadmin', 'db_name', 'phpmyadmin', 'pma_column_info', 'UNIQUE'),
(NULL, 'phpmyadmin', 'PRIMARY', 'phpmyadmin', 'pma_designer_coords', 'PRIMARY KEY'),
(NULL, 'phpmyadmin', 'PRIMARY', 'phpmyadmin', 'pma_history', 'PRIMARY KEY'),
(NULL, 'phpmyadmin', 'PRIMARY', 'phpmyadmin', 'pma_pdf_pages', 'PRIMARY KEY'),
(NULL, 'phpmyadmin', 'PRIMARY', 'phpmyadmin', 'pma_relation', 'PRIMARY KEY'),
(NULL, 'phpmyadmin', 'PRIMARY', 'phpmyadmin', 'pma_table_coords', 'PRIMARY KEY'),
(NULL, 'phpmyadmin', 'PRIMARY', 'phpmyadmin', 'pma_table_info', 'PRIMARY KEY'),
(NULL, 'phpmyadmin', 'PRIMARY', 'phpmyadmin', 'pma_tracking', 'PRIMARY KEY'),
(NULL, 'phpmyadmin', 'PRIMARY', 'phpmyadmin', 'pma_userconfig', 'PRIMARY KEY');

-- --------------------------------------------------------

--
-- Структура таблицы `TABLE_PRIVILEGES`
--

CREATE TEMPORARY TABLE `TABLE_PRIVILEGES` (
  `GRANTEE` varchar(81) NOT NULL default '',
  `TABLE_CATALOG` varchar(512) default NULL,
  `TABLE_SCHEMA` varchar(64) NOT NULL default '',
  `TABLE_NAME` varchar(64) NOT NULL default '',
  `PRIVILEGE_TYPE` varchar(64) NOT NULL default '',
  `IS_GRANTABLE` varchar(3) NOT NULL default ''
) ENGINE=MEMORY DEFAULT CHARSET=utf8;

-- --------------------------------------------------------

--
-- Структура таблицы `TRIGGERS`
--

CREATE TEMPORARY TABLE `TRIGGERS` (
  `TRIGGER_CATALOG` varchar(512) default NULL,
  `TRIGGER_SCHEMA` varchar(64) NOT NULL default '',
  `TRIGGER_NAME` varchar(64) NOT NULL default '',
  `EVENT_MANIPULATION` varchar(6) NOT NULL default '',
  `EVENT_OBJECT_CATALOG` varchar(512) default NULL,
  `EVENT_OBJECT_SCHEMA` varchar(64) NOT NULL default '',
  `EVENT_OBJECT_TABLE` varchar(64) NOT NULL default '',
  `ACTION_ORDER` bigint(4) NOT NULL default '0',
  `ACTION_CONDITION` longtext,
  `ACTION_STATEMENT` longtext NOT NULL,
  `ACTION_ORIENTATION` varchar(9) NOT NULL default '',
  `ACTION_TIMING` varchar(6) NOT NULL default '',
  `ACTION_REFERENCE_OLD_TABLE` varchar(64) default NULL,
  `ACTION_REFERENCE_NEW_TABLE` varchar(64) default NULL,
  `ACTION_REFERENCE_OLD_ROW` varchar(3) NOT NULL default '',
  `ACTION_REFERENCE_NEW_ROW` varchar(3) NOT NULL default '',
  `CREATED` datetime default NULL,
  `SQL_MODE` longtext NOT NULL,
  `DEFINER` longtext NOT NULL
) ENGINE=MyISAM DEFAULT CHARSET=utf8;

-- --------------------------------------------------------

--
-- Структура таблицы `USER_PRIVILEGES`
--

CREATE TEMPORARY TABLE `USER_PRIVILEGES` (
  `GRANTEE` varchar(81) NOT NULL default '',
  `TABLE_CATALOG` varchar(512) default NULL,
  `PRIVILEGE_TYPE` varchar(64) NOT NULL default '',
  `IS_GRANTABLE` varchar(3) NOT NULL default ''
) ENGINE=MEMORY DEFAULT CHARSET=utf8;

--
-- Дамп данных таблицы `USER_PRIVILEGES`
--

INSERT INTO `USER_PRIVILEGES` (`GRANTEE`, `TABLE_CATALOG`, `PRIVILEGE_TYPE`, `IS_GRANTABLE`) VALUES
('''root''@''localhost''', NULL, 'SELECT', 'YES'),
('''root''@''localhost''', NULL, 'INSERT', 'YES'),
('''root''@''localhost''', NULL, 'UPDATE', 'YES'),
('''root''@''localhost''', NULL, 'DELETE', 'YES'),
('''root''@''localhost''', NULL, 'CREATE', 'YES'),
('''root''@''localhost''', NULL, 'DROP', 'YES'),
('''root''@''localhost''', NULL, 'RELOAD', 'YES'),
('''root''@''localhost''', NULL, 'SHUTDOWN', 'YES'),
('''root''@''localhost''', NULL, 'PROCESS', 'YES'),
('''root''@''localhost''', NULL, 'FILE', 'YES'),
('''root''@''localhost''', NULL, 'REFERENCES', 'YES'),
('''root''@''localhost''', NULL, 'INDEX', 'YES'),
('''root''@''localhost''', NULL, 'ALTER', 'YES'),
('''root''@''localhost''', NULL, 'SHOW DATABASES', 'YES'),
('''root''@''localhost''', NULL, 'SUPER', 'YES'),
('''root''@''localhost''', NULL, 'CREATE TEMPORARY TABLES', 'YES'),
('''root''@''localhost''', NULL, 'LOCK TABLES', 'YES'),
('''root''@''localhost''', NULL, 'EXECUTE', 'YES'),
('''root''@''localhost''', NULL, 'REPLICATION SLAVE', 'YES'),
('''root''@''localhost''', NULL, 'REPLICATION CLIENT', 'YES'),
('''root''@''localhost''', NULL, 'CREATE VIEW', 'YES'),
('''root''@''localhost''', NULL, 'SHOW VIEW', 'YES'),
('''root''@''localhost''', NULL, 'CREATE ROUTINE', 'YES'),
('''root''@''localhost''', NULL, 'ALTER ROUTINE', 'YES'),
('''root''@''localhost''', NULL, 'CREATE USER', 'YES'),
('''pma''@''localhost''', NULL, 'SELECT', 'YES'),
('''pma''@''localhost''', NULL, 'INSERT', 'YES'),
('''pma''@''localhost''', NULL, 'UPDATE', 'YES'),
('''pma''@''localhost''', NULL, 'DELETE', 'YES'),
('''pma''@''localhost''', NULL, 'CREATE', 'YES'),
('''pma''@''localhost''', NULL, 'DROP', 'YES'),
('''pma''@''localhost''', NULL, 'RELOAD', 'YES'),
('''pma''@''localhost''', NULL, 'SHUTDOWN', 'YES'),
('''pma''@''localhost''', NULL, 'PROCESS', 'YES'),
('''pma''@''localhost''', NULL, 'FILE', 'YES'),
('''pma''@''localhost''', NULL, 'REFERENCES', 'YES'),
('''pma''@''localhost''', NULL, 'INDEX', 'YES'),
('''pma''@''localhost''', NULL, 'ALTER', 'YES'),
('''pma''@''localhost''', NULL, 'SHOW DATABASES', 'YES'),
('''pma''@''localhost''', NULL, 'SUPER', 'YES'),
('''pma''@''localhost''', NULL, 'CREATE TEMPORARY TABLES', 'YES'),
('''pma''@''localhost''', NULL, 'LOCK TABLES', 'YES'),
('''pma''@''localhost''', NULL, 'EXECUTE', 'YES'),
('''pma''@''localhost''', NULL, 'REPLICATION SLAVE', 'YES'),
('''pma''@''localhost''', NULL, 'REPLICATION CLIENT', 'YES'),
('''pma''@''localhost''', NULL, 'CREATE VIEW', 'YES'),
('''pma''@''localhost''', NULL, 'SHOW VIEW', 'YES'),
('''pma''@''localhost''', NULL, 'CREATE ROUTINE', 'YES'),
('''pma''@''localhost''', NULL, 'ALTER ROUTINE', 'YES'),
('''pma''@''localhost''', NULL, 'CREATE USER', 'YES');

-- --------------------------------------------------------

--
-- Структура таблицы `VIEWS`
--

CREATE TEMPORARY TABLE `VIEWS` (
  `TABLE_CATALOG` varchar(512) default NULL,
  `TABLE_SCHEMA` varchar(64) NOT NULL default '',
  `TABLE_NAME` varchar(64) NOT NULL default '',
  `VIEW_DEFINITION` longtext NOT NULL,
  `CHECK_OPTION` varchar(8) NOT NULL default '',
  `IS_UPDATABLE` varchar(3) NOT NULL default '',
  `DEFINER` varchar(77) NOT NULL default '',
  `SECURITY_TYPE` varchar(7) NOT NULL default ''
) ENGINE=MyISAM DEFAULT CHARSET=utf8;

/*!40101 SET CHARACTER_SET_CLIENT=@OLD_CHARACTER_SET_CLIENT */;
/*!40101 SET CHARACTER_SET_RESULTS=@OLD_CHARACTER_SET_RESULTS */;
/*!40101 SET COLLATION_CONNECTION=@OLD_COLLATION_CONNECTION */;
